{
    "version": "0.4",
    "title": "404 Page",
    "type": "single",
    "metadata": {
        "template_type": "single-404",
        "include_in_zip": "1",
        "elementor_pro_required": "1",
        "elementor_library_type": "single",
        "elementor_pro_conditions": [
            "include\/singular\/not_found404"
        ],
        "additional_template_information": [
            "This is a \"Single\" template for Elementor Pro.",
            "This template will display on: 404 Page."
        ],
        "wp_page_template": "default"
    },
    "content": [
        {
            "id": "571c3ea0",
            "settings": {
                "background_background": "classic",
                "background_color": "#F0E7D5",
                "gap": "no",
                "content_position": "middle",
                "structure": "20",
                "margin": {
                    "unit": "px",
                    "top": "0",
                    "right": 0,
                    "bottom": "0",
                    "left": 0,
                    "isLinked": false
                },
                "padding": {
                    "unit": "px",
                    "top": "100",
                    "right": "0",
                    "bottom": "100",
                    "left": "0",
                    "isLinked": false
                },
                "shape_divider_top": "triangle",
                "shape_divider_top_color": "#F0E7D5",
                "shape_divider_top_height": {
                    "unit": "px",
                    "size": 170,
                    "sizes": []
                },
                "shape_divider_top_above_content": "yes",
                "shape_divider_bottom": "triangle",
                "shape_divider_bottom_color": "#F0E7D5",
                "shape_divider_bottom_height": {
                    "unit": "px",
                    "size": 170,
                    "sizes": []
                },
                "shape_divider_bottom_flip": "yes",
                "shape_divider_bottom_above_content": "yes",
                "shape_divider_top_height_mobile": {
                    "unit": "px",
                    "size": 130,
                    "sizes": []
                },
                "shape_divider_bottom_height_mobile": {
                    "unit": "px",
                    "size": 130,
                    "sizes": []
                },
                "padding_mobile": {
                    "unit": "px",
                    "top": "100",
                    "right": "15",
                    "bottom": "100",
                    "left": "15",
                    "isLinked": false
                },
                "padding_tablet": {
                    "unit": "px",
                    "top": "100",
                    "right": "20",
                    "bottom": "100",
                    "left": "20",
                    "isLinked": false
                }
            },
            "elements": [
                {
                    "id": "c660d00",
                    "settings": {
                        "_column_size": 50,
                        "_inline_size": 50,
                        "background_background": "classic",
                        "background_color": "#FFFFFF",
                        "border_border": "solid",
                        "border_width": {
                            "unit": "px",
                            "top": "0",
                            "right": "5",
                            "bottom": "0",
                            "left": "5",
                            "isLinked": false
                        },
                        "border_color": "#F0E7D5",
                        "border_radius": {
                            "unit": "px",
                            "top": "0",
                            "right": "0",
                            "bottom": "0",
                            "left": "0",
                            "isLinked": false
                        },
                        "padding": {
                            "unit": "px",
                            "top": "80",
                            "right": "80",
                            "bottom": "80",
                            "left": "80",
                            "isLinked": true
                        },
                        "padding_tablet": {
                            "unit": "px",
                            "top": "100",
                            "right": "40",
                            "bottom": "100",
                            "left": "40",
                            "isLinked": false
                        },
                        "padding_mobile": {
                            "unit": "px",
                            "top": "80",
                            "right": "30",
                            "bottom": "30",
                            "left": "30",
                            "isLinked": false
                        }
                    },
                    "elements": [
                        {
                            "id": "4f6d4a67",
                            "settings": {
                                "title": "404 - Page Not Found",
                                "header_size": "h1",
                                "align": "left",
                                "title_color": "#101112",
                                "typography_typography": "custom",
                                "typography_line_height": {
                                    "unit": "em",
                                    "size": 1.4,
                                    "sizes": []
                                }
                            },
                            "elements": [],
                            "isInner": false,
                            "widgetType": "heading",
                            "elType": "widget"
                        },
                        {
                            "id": "3dc70a26",
                            "settings": {
                                "title": "We couldn\u2019t find the page you were looking for, or maybe it never existed. Try heading back to the home page.",
                                "header_size": "p",
                                "align": "left",
                                "title_color": "#656E78",
                                "typography_typography": "custom",
                                "typography_font_size": {
                                    "unit": "px",
                                    "size": 16,
                                    "sizes": []
                                },
                                "typography_line_height": {
                                    "unit": "em",
                                    "size": 1.6,
                                    "sizes": []
                                },
                                "_margin": {
                                    "unit": "px",
                                    "top": "30",
                                    "right": "0",
                                    "bottom": "30",
                                    "left": "0",
                                    "isLinked": false
                                }
                            },
                            "elements": [],
                            "isInner": false,
                            "widgetType": "heading",
                            "elType": "widget"
                        },
                        {
                            "id": "63f238a6",
                            "settings": {
                                "text": "Go to Home Page",
                                "align": "left",
                                "__dynamic__": {
                                    "link": "[elementor-tag id=\"a787b47\" name=\"site-url\" settings=\"%7B%7D\"]"
                                },
                                "align_mobile": "justify"
                            },
                            "elements": [],
                            "isInner": false,
                            "widgetType": "button",
                            "elType": "widget"
                        }
                    ],
                    "isInner": false,
                    "elType": "column"
                },
                {
                    "id": "27442637",
                    "settings": {
                        "_column_size": 50,
                        "_inline_size": 50,
                        "background_background": "classic",
                        "background_color": "#FFFFFF",
                        "border_border": "solid",
                        "border_width": {
                            "unit": "px",
                            "top": "0",
                            "right": "5",
                            "bottom": "0",
                            "left": "5",
                            "isLinked": false
                        },
                        "border_color": "#F0E7D5",
                        "border_radius": {
                            "unit": "px",
                            "top": "0",
                            "right": "0",
                            "bottom": "0",
                            "left": "0",
                            "isLinked": false
                        },
                        "padding": {
                            "unit": "px",
                            "top": "50",
                            "right": "50",
                            "bottom": "50",
                            "left": "50",
                            "isLinked": true
                        },
                        "padding_tablet": {
                            "unit": "px",
                            "top": "0",
                            "right": "0",
                            "bottom": "0",
                            "left": "0",
                            "isLinked": false
                        },
                        "padding_mobile": {
                            "unit": "px",
                            "top": "50",
                            "right": "0",
                            "bottom": "50",
                            "left": "0",
                            "isLinked": false
                        },
                        "margin_mobile": {
                            "unit": "px",
                            "top": "0",
                            "right": "0",
                            "bottom": "0",
                            "left": "0",
                            "isLinked": false
                        }
                    },
                    "elements": [
                        {
                            "id": "3e9c4aef",
                            "settings": {
                                "image": {
                                    "url": "https:\/\/www.memoreel.hocud.com\/wp-content\/uploads\/fruity-pierrot-.jpg",
                                    "id": 1014
                                },
                                "image_size": "full",
                                "align": "center",
                                "css_filters_css_filter": "custom",
                                "css_filters_saturate": {
                                    "unit": "px",
                                    "size": 0,
                                    "sizes": []
                                },
                                "css_filters_hover_css_filter": "custom",
                                "background_hover_transition": {
                                    "unit": "px",
                                    "size": 0.8,
                                    "sizes": []
                                }
                            },
                            "elements": [],
                            "isInner": false,
                            "widgetType": "image",
                            "elType": "widget"
                        }
                    ],
                    "isInner": false,
                    "elType": "column"
                }
            ],
            "isInner": false,
            "elType": "section"
        }
    ],
    "page_settings": {
        "page_template": "elementor_header_footer"
    }
}