{
    "version": "0.4",
    "title": "Blog",
    "type": "page",
    "metadata": {
        "template_type": "single-page",
        "include_in_zip": "1",
        "elementor_pro_required": "1",
        "wp_page_template": "elementor_header_footer"
    },
    "content": [
        {
            "id": "32c7c9b4",
            "settings": {
                "background_background": "classic",
                "background_color": "#F0E7D5",
                "background_position": "center center",
                "background_attachment": "fixed",
                "background_repeat": "no-repeat",
                "background_size": "cover",
                "background_overlay_background": "classic",
                "background_overlay_color_stop": {
                    "unit": "%",
                    "size": 50,
                    "sizes": []
                },
                "background_overlay_color_b": "rgba(255, 255, 255, 0)",
                "background_overlay_color_b_stop": {
                    "unit": "%",
                    "size": 50,
                    "sizes": []
                },
                "background_overlay_gradient_angle": {
                    "unit": "deg",
                    "size": 90,
                    "sizes": []
                },
                "background_overlay_opacity": {
                    "unit": "px",
                    "size": 1,
                    "sizes": []
                },
                "margin": {
                    "unit": "px",
                    "top": "0",
                    "right": 0,
                    "bottom": "0",
                    "left": 0,
                    "isLinked": false
                },
                "padding": {
                    "unit": "px",
                    "top": "70",
                    "right": "0",
                    "bottom": "70",
                    "left": "0",
                    "isLinked": false
                },
                "padding_tablet": {
                    "unit": "px",
                    "top": "0",
                    "right": "80",
                    "bottom": "0",
                    "left": "80",
                    "isLinked": false
                },
                "padding_mobile": {
                    "unit": "px",
                    "top": "60",
                    "right": "10",
                    "bottom": "60",
                    "left": "10",
                    "isLinked": false
                }
            },
            "elements": [
                {
                    "id": "b65d037",
                    "settings": {
                        "_column_size": 100,
                        "_inline_size": null
                    },
                    "elements": [
                        {
                            "id": "22ae2172",
                            "settings": {
                                "title": "Blog",
                                "header_size": "h1",
                                "align": "center",
                                "typography_typography": "custom",
                                "typography_line_height": {
                                    "unit": "em",
                                    "size": 1.4,
                                    "sizes": []
                                }
                            },
                            "elements": [],
                            "isInner": false,
                            "widgetType": "heading",
                            "elType": "widget"
                        }
                    ],
                    "isInner": false,
                    "elType": "column"
                }
            ],
            "isInner": false,
            "elType": "section"
        },
        {
            "id": "1723288b",
            "settings": {
                "margin": {
                    "unit": "px",
                    "top": "50",
                    "right": 0,
                    "bottom": "50",
                    "left": 0,
                    "isLinked": false
                },
                "padding": {
                    "unit": "px",
                    "top": "0",
                    "right": "0",
                    "bottom": "0",
                    "left": "0",
                    "isLinked": false
                },
                "margin_tablet": {
                    "unit": "px",
                    "top": "80",
                    "right": 0,
                    "bottom": "40",
                    "left": 0,
                    "isLinked": false
                },
                "margin_mobile": {
                    "unit": "px",
                    "top": "80",
                    "right": 0,
                    "bottom": "0",
                    "left": 0,
                    "isLinked": false
                },
                "padding_tablet": {
                    "unit": "px",
                    "top": "0",
                    "right": "15",
                    "bottom": "0",
                    "left": "15",
                    "isLinked": false
                },
                "padding_mobile": {
                    "unit": "px",
                    "top": "0",
                    "right": "15",
                    "bottom": "0",
                    "left": "15",
                    "isLinked": false
                },
                "gap": "no"
            },
            "elements": [
                {
                    "id": "4b0460b7",
                    "settings": {
                        "_column_size": 100,
                        "_inline_size": null,
                        "color_link": "#101112",
                        "color_link_hover": "#BA9E52",
                        "_inline_size_tablet": 100
                    },
                    "elements": [
                        {
                            "id": "401fe3a1",
                            "settings": {
                                "classic_posts_per_page": 9,
                                "classic_thumbnail_size_size": "medium_large",
                                "classic_title_tag": "h2",
                                "classic_excerpt_length": 21,
                                "classic_meta_data": [
                                    "author",
                                    "date"
                                ],
                                "classic_meta_separator": " \/ ",
                                "classic_read_more_text": "Read More",
                                "cards_meta_separator": "\/",
                                "cards_read_more_text": "Read More \u00bb",
                                "full_content_meta_separator": "\/\/\/",
                                "classic_row_gap": {
                                    "unit": "px",
                                    "size": 50,
                                    "sizes": []
                                },
                                "classic_alignment": "left",
                                "classic_img_border_radius": {
                                    "unit": "px",
                                    "top": "0",
                                    "right": "0",
                                    "bottom": "0",
                                    "left": "0",
                                    "isLinked": true
                                },
                                "classic_image_spacing": {
                                    "unit": "px",
                                    "size": 30,
                                    "sizes": []
                                },
                                "classic_thumbnail_hover_filters_css_filter": "custom",
                                "classic_thumbnail_hover_filters_saturate": {
                                    "unit": "px",
                                    "size": 0,
                                    "sizes": []
                                },
                                "classic_title_typography_typography": "custom",
                                "classic_title_typography_font_size": {
                                    "unit": "px",
                                    "size": 20,
                                    "sizes": []
                                },
                                "classic_title_typography_text_transform": "capitalize",
                                "classic_title_typography_line_height": {
                                    "unit": "em",
                                    "size": 1.5,
                                    "sizes": []
                                },
                                "classic_title_spacing": {
                                    "unit": "px",
                                    "size": 15,
                                    "sizes": []
                                },
                                "classic_meta_color": "rgba(101, 110, 120, 0.74)",
                                "classic_meta_separator_color": "rgba(183, 199, 218, 0.78)",
                                "classic_meta_typography_typography": "custom",
                                "classic_meta_typography_font_size": {
                                    "unit": "px",
                                    "size": 12,
                                    "sizes": []
                                },
                                "classic_meta_typography_font_weight": "400",
                                "classic_meta_typography_text_transform": "uppercase",
                                "classic_meta_typography_letter_spacing": {
                                    "unit": "px",
                                    "size": 0.4,
                                    "sizes": []
                                },
                                "classic_meta_spacing": {
                                    "unit": "px",
                                    "size": 25,
                                    "sizes": []
                                },
                                "classic_excerpt_color": "#656E78",
                                "classic_excerpt_typography_typography": "custom",
                                "classic_excerpt_typography_font_size": {
                                    "unit": "px",
                                    "size": 16,
                                    "sizes": []
                                },
                                "classic_excerpt_typography_line_height": {
                                    "unit": "em",
                                    "size": 1.6,
                                    "sizes": []
                                },
                                "classic_excerpt_spacing": {
                                    "unit": "px",
                                    "size": 25,
                                    "sizes": []
                                },
                                "classic_read_more_typography_typography": "custom",
                                "classic_read_more_typography_font_size": {
                                    "unit": "px",
                                    "size": 12,
                                    "sizes": []
                                },
                                "classic_read_more_typography_font_weight": "400",
                                "classic_read_more_typography_text_transform": "uppercase",
                                "classic_read_more_typography_text_decoration": "underline",
                                "classic_read_more_typography_letter_spacing": {
                                    "unit": "px",
                                    "size": 1.5,
                                    "sizes": []
                                },
                                "pagination_type": "numbers_and_prev_next",
                                "pagination_page_limit": "5",
                                "pagination_numbers_shorten": "yes",
                                "pagination_prev_label": "&laquo; Previous",
                                "pagination_next_label": "Next &raquo;",
                                "pagination_typography_typography": "custom",
                                "pagination_typography_font_size": {
                                    "unit": "px",
                                    "size": 15,
                                    "sizes": []
                                },
                                "pagination_typography_font_weight": "400",
                                "pagination_typography_line_height": {
                                    "unit": "em",
                                    "size": 8,
                                    "sizes": []
                                },
                                "pagination_typography_letter_spacing": {
                                    "unit": "px",
                                    "size": 0.5,
                                    "sizes": []
                                },
                                "pagination_color": "#656E78",
                                "pagination_hover_color": "#BA9E52",
                                "pagination_active_color": "#BA9E52",
                                "classic_columns_tablet": "1",
                                "classic_box_border_width": {
                                    "unit": "px",
                                    "top": "10",
                                    "right": "10",
                                    "bottom": "10",
                                    "left": "10",
                                    "isLinked": true
                                },
                                "classic_box_padding": {
                                    "unit": "px",
                                    "top": "0",
                                    "right": "0",
                                    "bottom": "0",
                                    "left": "0",
                                    "isLinked": false
                                },
                                "classic_content_padding": {
                                    "unit": "px",
                                    "top": "0",
                                    "right": "30",
                                    "bottom": "30",
                                    "left": "30",
                                    "isLinked": false
                                },
                                "classic_box_shadow_box_shadow_type": "yes",
                                "classic_box_shadow_box_shadow": {
                                    "horizontal": 0,
                                    "vertical": 0,
                                    "blur": 10,
                                    "spread": 0,
                                    "color": "rgba(0, 0, 0, 0.13)"
                                },
                                "classic_box_bg_color": "#FCFAF6",
                                "classic_box_border_color": "#FFFFFF",
                                "classic_box_shadow_hover_box_shadow_type": "yes",
                                "classic_box_shadow_hover_box_shadow": {
                                    "horizontal": 0,
                                    "vertical": 0,
                                    "blur": 30,
                                    "spread": -2,
                                    "color": "rgba(0, 0, 0, 0.16)"
                                },
                                "classic_box_bg_color_hover": "#FFFFFF",
                                "classic_box_border_color_hover": "#FFFFFF",
                                "_skin": "cards",
                                "cards_posts_per_page": 12,
                                "cards_excerpt_length": 18,
                                "cards_show_avatar": "",
                                "cards_card_bg_color": "#FCFAF6",
                                "cards_card_border_color": "#FFFFFF",
                                "cards_card_border_width": {
                                    "unit": "px",
                                    "size": 8,
                                    "sizes": []
                                },
                                "cards_hover_effect": "none",
                                "cards_meta_border_color": "#F0E7D5",
                                "cards_thumbnail_hover_filters_css_filter": "custom",
                                "cards_thumbnail_hover_filters_saturate": {
                                    "unit": "px",
                                    "size": 0,
                                    "sizes": []
                                },
                                "cards_badge_position": "left",
                                "cards_badge_bg_color": "#BA9E52",
                                "cards_badge_color": "#FFFFFF",
                                "cards_badge_radius": {
                                    "unit": "px",
                                    "size": 0,
                                    "sizes": []
                                },
                                "cards_badge_size": {
                                    "unit": "px",
                                    "size": 12,
                                    "sizes": []
                                },
                                "cards_badge_margin": {
                                    "unit": "px",
                                    "size": 15,
                                    "sizes": []
                                },
                                "cards_badge_typography_typography": "custom",
                                "cards_badge_typography_font_weight": "400",
                                "cards_badge_typography_letter_spacing": {
                                    "unit": "px",
                                    "size": 0.7,
                                    "sizes": []
                                },
                                "cards_title_color": "#101112",
                                "cards_title_typography_typography": "custom",
                                "cards_title_typography_font_size": {
                                    "unit": "px",
                                    "size": 20,
                                    "sizes": []
                                },
                                "cards_title_typography_line_height": {
                                    "unit": "em",
                                    "size": 1.5,
                                    "sizes": []
                                },
                                "cards_title_spacing": {
                                    "unit": "px",
                                    "size": 25,
                                    "sizes": []
                                },
                                "cards_meta_color": "rgba(101, 110, 120, 0.79)",
                                "cards_meta_separator_color": "rgba(183, 199, 218, 0.9)",
                                "cards_meta_typography_typography": "custom",
                                "cards_meta_typography_font_size": {
                                    "unit": "px",
                                    "size": 12,
                                    "sizes": []
                                },
                                "cards_meta_typography_font_weight": "400",
                                "cards_meta_typography_text_transform": "uppercase",
                                "cards_meta_typography_line_height": {
                                    "unit": "em",
                                    "size": 1.2,
                                    "sizes": []
                                },
                                "cards_meta_typography_letter_spacing": {
                                    "unit": "px",
                                    "size": 0.6,
                                    "sizes": []
                                },
                                "cards_excerpt_color": "#656E78",
                                "cards_excerpt_typography_typography": "custom",
                                "cards_excerpt_typography_font_size": {
                                    "unit": "px",
                                    "size": 16,
                                    "sizes": []
                                },
                                "cards_excerpt_typography_line_height": {
                                    "unit": "em",
                                    "size": 1.6,
                                    "sizes": []
                                },
                                "cards_read_more_color": "#101112",
                                "cards_read_more_typography_typography": "custom",
                                "cards_read_more_typography_font_size": {
                                    "unit": "px",
                                    "size": 12,
                                    "sizes": []
                                },
                                "cards_read_more_typography_font_weight": "400",
                                "cards_read_more_typography_letter_spacing": {
                                    "unit": "px",
                                    "size": 0.6,
                                    "sizes": []
                                },
                                "_background_background": "classic"
                            },
                            "elements": [],
                            "isInner": false,
                            "widgetType": "posts",
                            "elType": "widget"
                        }
                    ],
                    "isInner": false,
                    "elType": "column"
                }
            ],
            "isInner": false,
            "elType": "section"
        }
    ],
    "page_settings": {
        "hide_title": "yes",
        "background_background": "classic",
        "background_color": "#FFFFFF",
        "preview_type": "taxonomy\/category",
        "preview_id": "",
        "preview_search_term": "",
        "template": "elementor_header_footer"
    }
}