{
    "version": "0.4",
    "title": "Blog Archive",
    "type": "archive",
    "metadata": {
        "template_type": "archive-blog",
        "include_in_zip": "1",
        "elementor_pro_required": "1",
        "elementor_library_type": "archive",
        "elementor_pro_conditions": [
            "include\/archive"
        ],
        "additional_template_information": [
            "This is a \"Archive\" template for Elementor Pro.",
            "This template will display on: All Archives."
        ],
        "wp_page_template": "default"
    },
    "content": [
        {
            "id": "39cde312",
            "settings": {
                "background_background": "classic",
                "background_color": "#F0E7D5",
                "margin": {
                    "unit": "px",
                    "top": "0",
                    "right": 0,
                    "bottom": "0",
                    "left": 0,
                    "isLinked": false
                },
                "padding": {
                    "unit": "px",
                    "top": "70",
                    "right": "0",
                    "bottom": "70",
                    "left": "0",
                    "isLinked": false
                },
                "background_position": "center center",
                "background_attachment": "fixed",
                "background_repeat": "no-repeat",
                "background_size": "cover",
                "background_overlay_background": "classic",
                "background_overlay_opacity": {
                    "unit": "px",
                    "size": 1,
                    "sizes": []
                },
                "background_overlay_color_stop": {
                    "unit": "%",
                    "size": 50,
                    "sizes": []
                },
                "background_overlay_color_b": "rgba(255, 255, 255, 0)",
                "background_overlay_color_b_stop": {
                    "unit": "%",
                    "size": 50,
                    "sizes": []
                },
                "background_overlay_gradient_angle": {
                    "unit": "deg",
                    "size": 90,
                    "sizes": []
                },
                "padding_tablet": {
                    "unit": "px",
                    "top": "0",
                    "right": "80",
                    "bottom": "0",
                    "left": "80",
                    "isLinked": false
                },
                "padding_mobile": {
                    "unit": "px",
                    "top": "60",
                    "right": "10",
                    "bottom": "60",
                    "left": "10",
                    "isLinked": false
                }
            },
            "elements": [
                {
                    "id": "183daf99",
                    "settings": {
                        "_column_size": 100,
                        "_inline_size": null,
                        "background_background": "classic",
                        "padding_mobile": {
                            "unit": "px",
                            "top": "50",
                            "right": "30",
                            "bottom": "50",
                            "left": "30",
                            "isLinked": false
                        }
                    },
                    "elements": [
                        {
                            "id": "7849fe1e",
                            "settings": {
                                "__dynamic__": {
                                    "title": "[elementor-tag id=\"\" name=\"archive-title\" settings=\"%7B%22include_context%22%3A%22yes%22%2C%22before%22%3A%22%22%2C%22after%22%3A%22%22%2C%22fallback%22%3A%22%22%7D\"]"
                                },
                                "title": "Add Your Heading Text Here",
                                "align": "center",
                                "typography_typography": "custom",
                                "typography_line_height": {
                                    "unit": "em",
                                    "size": 1.4,
                                    "sizes": []
                                }
                            },
                            "elements": [],
                            "isInner": false,
                            "widgetType": "theme-archive-title",
                            "elType": "widget"
                        }
                    ],
                    "isInner": false,
                    "elType": "column"
                }
            ],
            "isInner": false,
            "elType": "section"
        },
        {
            "id": "7f3dc000",
            "settings": {
                "structure": "22",
                "margin": {
                    "unit": "px",
                    "top": "50",
                    "right": 0,
                    "bottom": "50",
                    "left": 0,
                    "isLinked": false
                },
                "padding": {
                    "unit": "px",
                    "top": "0",
                    "right": "0",
                    "bottom": "0",
                    "left": "0",
                    "isLinked": false
                },
                "margin_tablet": {
                    "unit": "px",
                    "top": "80",
                    "right": 0,
                    "bottom": "40",
                    "left": 0,
                    "isLinked": false
                },
                "margin_mobile": {
                    "unit": "px",
                    "top": "80",
                    "right": 0,
                    "bottom": "0",
                    "left": 0,
                    "isLinked": false
                },
                "padding_tablet": {
                    "unit": "px",
                    "top": "0",
                    "right": "15",
                    "bottom": "0",
                    "left": "15",
                    "isLinked": false
                },
                "padding_mobile": {
                    "unit": "px",
                    "top": "0",
                    "right": "15",
                    "bottom": "0",
                    "left": "15",
                    "isLinked": false
                }
            },
            "elements": [
                {
                    "id": "4487fa4",
                    "settings": {
                        "_column_size": 66,
                        "_inline_size": 72,
                        "color_link": "#101112",
                        "color_link_hover": "#BA9E52",
                        "_inline_size_tablet": 60
                    },
                    "elements": [
                        {
                            "id": "66bc4bfe",
                            "settings": {
                                "classic_columns": "2",
                                "classic_posts_per_page": 8,
                                "classic_thumbnail_size_size": "medium_large",
                                "classic_title_tag": "h2",
                                "classic_excerpt_length": 21,
                                "classic_meta_data": [
                                    "author",
                                    "date"
                                ],
                                "classic_meta_separator": " \/ ",
                                "classic_read_more_text": "Read More",
                                "cards_meta_separator": "\u2022",
                                "cards_read_more_text": "Read More \u00bb",
                                "full_content_meta_separator": "\/\/\/",
                                "classic_row_gap": {
                                    "unit": "px",
                                    "size": 50,
                                    "sizes": []
                                },
                                "classic_alignment": "left",
                                "classic_img_border_radius": {
                                    "unit": "px",
                                    "top": "0",
                                    "right": "0",
                                    "bottom": "0",
                                    "left": "0",
                                    "isLinked": true
                                },
                                "classic_image_spacing": {
                                    "unit": "px",
                                    "size": 0,
                                    "sizes": []
                                },
                                "classic_thumbnail_hover_filters_css_filter": "custom",
                                "classic_thumbnail_hover_filters_saturate": {
                                    "unit": "px",
                                    "size": 0,
                                    "sizes": []
                                },
                                "classic_title_typography_typography": "custom",
                                "classic_title_typography_font_size": {
                                    "unit": "px",
                                    "size": 20,
                                    "sizes": []
                                },
                                "classic_title_typography_text_transform": "capitalize",
                                "classic_title_typography_line_height": {
                                    "unit": "em",
                                    "size": 1.5,
                                    "sizes": []
                                },
                                "classic_title_spacing": {
                                    "unit": "px",
                                    "size": 15,
                                    "sizes": []
                                },
                                "classic_meta_color": "rgba(101, 110, 120, 0.74)",
                                "classic_meta_separator_color": "rgba(183, 199, 218, 0.78)",
                                "classic_meta_typography_typography": "custom",
                                "classic_meta_typography_font_size": {
                                    "unit": "px",
                                    "size": 12,
                                    "sizes": []
                                },
                                "classic_meta_typography_font_weight": "400",
                                "classic_meta_typography_text_transform": "uppercase",
                                "classic_meta_typography_letter_spacing": {
                                    "unit": "px",
                                    "size": 0.4,
                                    "sizes": []
                                },
                                "classic_meta_spacing": {
                                    "unit": "px",
                                    "size": 25,
                                    "sizes": []
                                },
                                "classic_excerpt_color": "#656E78",
                                "classic_excerpt_typography_typography": "custom",
                                "classic_excerpt_typography_font_size": {
                                    "unit": "px",
                                    "size": 16,
                                    "sizes": []
                                },
                                "classic_excerpt_typography_line_height": {
                                    "unit": "em",
                                    "size": 1.6,
                                    "sizes": []
                                },
                                "classic_excerpt_spacing": {
                                    "unit": "px",
                                    "size": 25,
                                    "sizes": []
                                },
                                "classic_read_more_typography_typography": "custom",
                                "classic_read_more_typography_font_size": {
                                    "unit": "px",
                                    "size": 12,
                                    "sizes": []
                                },
                                "classic_read_more_typography_font_weight": "400",
                                "classic_read_more_typography_text_transform": "uppercase",
                                "classic_read_more_typography_text_decoration": "underline",
                                "classic_read_more_typography_letter_spacing": {
                                    "unit": "px",
                                    "size": 1.5,
                                    "sizes": []
                                },
                                "pagination_type": "numbers_and_prev_next",
                                "pagination_page_limit": "5",
                                "pagination_numbers_shorten": "yes",
                                "pagination_prev_label": "&laquo; Previous",
                                "pagination_next_label": "Next &raquo;",
                                "pagination_typography_typography": "custom",
                                "pagination_typography_font_size": {
                                    "unit": "px",
                                    "size": 15,
                                    "sizes": []
                                },
                                "pagination_typography_font_weight": "400",
                                "pagination_typography_line_height": {
                                    "unit": "em",
                                    "size": 8,
                                    "sizes": []
                                },
                                "pagination_typography_letter_spacing": {
                                    "unit": "px",
                                    "size": 0.5,
                                    "sizes": []
                                },
                                "pagination_color": "#656E78",
                                "pagination_hover_color": "#BA9E52",
                                "pagination_active_color": "#BA9E52",
                                "classic_columns_tablet": "1",
                                "posts_post_type": "current_query",
                                "classic_box_border_width": {
                                    "unit": "px",
                                    "top": "6",
                                    "right": "6",
                                    "bottom": "6",
                                    "left": "6",
                                    "isLinked": true
                                },
                                "classic_box_padding": {
                                    "unit": "px",
                                    "top": "0",
                                    "right": "0",
                                    "bottom": "0",
                                    "left": "0",
                                    "isLinked": false
                                },
                                "classic_content_padding": {
                                    "unit": "px",
                                    "top": "30",
                                    "right": "30",
                                    "bottom": "30",
                                    "left": "30",
                                    "isLinked": true
                                },
                                "classic_box_shadow_box_shadow_type": "yes",
                                "classic_box_shadow_box_shadow": {
                                    "horizontal": 0,
                                    "vertical": 0,
                                    "blur": 10,
                                    "spread": 0,
                                    "color": "rgba(0, 0, 0, 0.13)"
                                },
                                "classic_box_bg_color": "#FCFAF6",
                                "classic_box_border_color": "#FFFFFF",
                                "classic_box_shadow_hover_box_shadow_type": "yes",
                                "classic_box_shadow_hover_box_shadow": {
                                    "horizontal": 0,
                                    "vertical": 0,
                                    "blur": 30,
                                    "spread": -2,
                                    "color": "rgba(0, 0, 0, 0.16)"
                                },
                                "classic_box_bg_color_hover": "#FFFFFF",
                                "classic_box_border_color_hover": "#FFFFFF",
                                "classic_item_ratio_mobile": {
                                    "unit": "px",
                                    "size": "",
                                    "sizes": []
                                },
                                "cards_columns": "1",
                                "cards_thumbnail_size_size": "medium_large",
                                "classic_read_more_spacing": {
                                    "unit": "px",
                                    "size": 0,
                                    "sizes": []
                                }
                            },
                            "elements": [],
                            "isInner": false,
                            "widgetType": "posts",
                            "elType": "widget"
                        }
                    ],
                    "isInner": false,
                    "elType": "column"
                },
                {
                    "id": "c51d82c",
                    "settings": {
                        "_column_size": 33,
                        "_inline_size": 27.332,
                        "margin": {
                            "unit": "px",
                            "top": "0",
                            "right": "0",
                            "bottom": "0",
                            "left": "10",
                            "isLinked": false
                        },
                        "_inline_size_tablet": 40,
                        "margin_mobile": {
                            "unit": "px",
                            "top": "40",
                            "right": "0",
                            "bottom": "40",
                            "left": "0",
                            "isLinked": false
                        },
                        "html_tag": "aside"
                    },
                    "elements": [
                        {
                            "id": "1f550c66",
                            "settings": {
                                "gap": "no",
                                "background_background": "classic",
                                "background_color": "#FCFAF6",
                                "border_border": "solid",
                                "border_width": {
                                    "unit": "px",
                                    "top": "1",
                                    "right": "1",
                                    "bottom": "1",
                                    "left": "1",
                                    "isLinked": true
                                },
                                "border_color": "#F0E7D5",
                                "margin": {
                                    "unit": "px",
                                    "top": "0",
                                    "right": 0,
                                    "bottom": "29",
                                    "left": 0,
                                    "isLinked": false
                                },
                                "padding": {
                                    "unit": "px",
                                    "top": "30",
                                    "right": "30",
                                    "bottom": "30",
                                    "left": "30",
                                    "isLinked": false
                                }
                            },
                            "elements": [
                                {
                                    "id": "2e30fd17",
                                    "settings": {
                                        "_column_size": 100,
                                        "_inline_size": null,
                                        "color_link": "#54595F",
                                        "color_link_hover": "#BA9E52"
                                    },
                                    "elements": [
                                        {
                                            "id": "1206b6b6",
                                            "settings": {
                                                "title": "Categories",
                                                "header_size": "h4",
                                                "align": "center"
                                            },
                                            "elements": [],
                                            "isInner": false,
                                            "widgetType": "heading",
                                            "elType": "widget"
                                        },
                                        {
                                            "id": "17fd53a1",
                                            "settings": {
                                                "style": "dashed",
                                                "align": "center",
                                                "look": "line_icon",
                                                "text": "Text",
                                                "icon": {
                                                    "value": "fas fa-camera",
                                                    "library": "fa-solid"
                                                },
                                                "color": "#B7C7DA",
                                                "gap": {
                                                    "unit": "px",
                                                    "size": 4,
                                                    "sizes": []
                                                },
                                                "text_color": "#BA9E52",
                                                "typography_typography": "custom",
                                                "typography_font_size": {
                                                    "unit": "px",
                                                    "size": 10,
                                                    "sizes": []
                                                },
                                                "typography_font_weight": "400",
                                                "typography_text_transform": "uppercase",
                                                "typography_line_height": {
                                                    "unit": "em",
                                                    "size": 1.5,
                                                    "sizes": []
                                                },
                                                "typography_letter_spacing": {
                                                    "unit": "px",
                                                    "size": 2,
                                                    "sizes": []
                                                },
                                                "icon_size": {
                                                    "unit": "px",
                                                    "size": 14,
                                                    "sizes": []
                                                },
                                                "primary_color": "#BA9E52",
                                                "icon_spacing": {
                                                    "unit": "px",
                                                    "size": 12,
                                                    "sizes": []
                                                },
                                                "eg_tooltip_description": "This is tooltip"
                                            },
                                            "elements": [],
                                            "isInner": false,
                                            "widgetType": "divider",
                                            "elType": "widget"
                                        },
                                        {
                                            "id": "4da81a78",
                                            "settings": {
                                                "layout": "vertical",
                                                "align_items": "left",
                                                "pointer": "background",
                                                "animation_background": "sweep-right",
                                                "indicator": "chevron",
                                                "dropdown": "none",
                                                "menu_typography_typography": "custom",
                                                "menu_typography_font_size": {
                                                    "unit": "px",
                                                    "size": 14,
                                                    "sizes": []
                                                },
                                                "menu_typography_font_weight": "400",
                                                "menu_typography_line_height": {
                                                    "unit": "em",
                                                    "size": 1.5,
                                                    "sizes": []
                                                },
                                                "color_menu_item": "#656E78",
                                                "color_menu_item_hover_pointer_bg": "#101112",
                                                "pointer_color_menu_item_hover": "#F0E7D5",
                                                "color_menu_item_active": "#101112",
                                                "pointer_color_menu_item_active": "#F0E7D5",
                                                "padding_vertical_menu_item": {
                                                    "unit": "px",
                                                    "size": 10,
                                                    "sizes": []
                                                },
                                                "menu_space_between": {
                                                    "unit": "px",
                                                    "size": 2,
                                                    "sizes": []
                                                },
                                                "_margin": {
                                                    "unit": "px",
                                                    "top": "0",
                                                    "right": "0",
                                                    "bottom": "0",
                                                    "left": "0",
                                                    "isLinked": false
                                                },
                                                "_padding": {
                                                    "unit": "px",
                                                    "top": "0",
                                                    "right": "0",
                                                    "bottom": "0",
                                                    "left": "0",
                                                    "isLinked": false
                                                },
                                                "_background_background": "classic"
                                            },
                                            "elements": [],
                                            "isInner": false,
                                            "widgetType": "nav-menu",
                                            "elType": "widget"
                                        }
                                    ],
                                    "isInner": true,
                                    "elType": "column"
                                }
                            ],
                            "isInner": true,
                            "elType": "section"
                        },
                        {
                            "id": "29636309",
                            "settings": {
                                "gap": "no",
                                "background_background": "classic",
                                "background_color": "#FCFAF6",
                                "border_border": "solid",
                                "border_width": {
                                    "unit": "px",
                                    "top": "1",
                                    "right": "1",
                                    "bottom": "1",
                                    "left": "1",
                                    "isLinked": true
                                },
                                "border_color": "#F0E7D5",
                                "margin": {
                                    "unit": "px",
                                    "top": "0",
                                    "right": 0,
                                    "bottom": "0",
                                    "left": 0,
                                    "isLinked": false
                                },
                                "padding": {
                                    "unit": "px",
                                    "top": "30",
                                    "right": "30",
                                    "bottom": "30",
                                    "left": "30",
                                    "isLinked": false
                                }
                            },
                            "elements": [
                                {
                                    "id": "40fe77bf",
                                    "settings": {
                                        "_column_size": 100,
                                        "_inline_size": null,
                                        "color_link": "#54595F",
                                        "color_link_hover": "#BA9E52"
                                    },
                                    "elements": [
                                        {
                                            "id": "40bb6b4e",
                                            "settings": {
                                                "title": "Latest Posts",
                                                "header_size": "h4",
                                                "align": "center"
                                            },
                                            "elements": [],
                                            "isInner": false,
                                            "widgetType": "heading",
                                            "elType": "widget"
                                        },
                                        {
                                            "id": "23b95d8a",
                                            "settings": {
                                                "style": "dashed",
                                                "align": "center",
                                                "look": "line_icon",
                                                "text": "Text",
                                                "icon": {
                                                    "value": "fas fa-camera",
                                                    "library": "fa-solid"
                                                },
                                                "color": "#B7C7DA",
                                                "gap": {
                                                    "unit": "px",
                                                    "size": 4,
                                                    "sizes": []
                                                },
                                                "text_color": "#BA9E52",
                                                "typography_typography": "custom",
                                                "typography_font_size": {
                                                    "unit": "px",
                                                    "size": 10,
                                                    "sizes": []
                                                },
                                                "typography_font_weight": "400",
                                                "typography_text_transform": "uppercase",
                                                "typography_line_height": {
                                                    "unit": "em",
                                                    "size": 1.5,
                                                    "sizes": []
                                                },
                                                "typography_letter_spacing": {
                                                    "unit": "px",
                                                    "size": 2,
                                                    "sizes": []
                                                },
                                                "icon_size": {
                                                    "unit": "px",
                                                    "size": 14,
                                                    "sizes": []
                                                },
                                                "primary_color": "#BA9E52",
                                                "icon_spacing": {
                                                    "unit": "px",
                                                    "size": 12,
                                                    "sizes": []
                                                },
                                                "eg_tooltip_description": "This is tooltip"
                                            },
                                            "elements": [],
                                            "isInner": false,
                                            "widgetType": "divider",
                                            "elType": "widget"
                                        },
                                        {
                                            "id": "16bd99a5",
                                            "settings": {
                                                "classic_columns": "1",
                                                "classic_posts_per_page": 5,
                                                "classic_thumbnail": "none",
                                                "classic_show_excerpt": "",
                                                "classic_meta_data": [
                                                    "date"
                                                ],
                                                "classic_meta_separator": "\/\/\/",
                                                "classic_show_read_more": "",
                                                "classic_read_more_text": "Read More \u00bb",
                                                "cards_meta_separator": "\u2022",
                                                "cards_read_more_text": "Read More \u00bb",
                                                "full_content_meta_separator": "\/\/\/",
                                                "classic_column_gap": {
                                                    "unit": "px",
                                                    "size": 10,
                                                    "sizes": []
                                                },
                                                "classic_row_gap": {
                                                    "unit": "px",
                                                    "size": 15,
                                                    "sizes": []
                                                },
                                                "classic_alignment": "left",
                                                "pagination_page_limit": "5",
                                                "pagination_prev_label": "&laquo; Previous",
                                                "pagination_next_label": "Next &raquo;",
                                                "_background_background": "classic",
                                                "classic_title_tag": "p",
                                                "classic_title_color": "#54595F",
                                                "classic_title_typography_typography": "custom",
                                                "classic_title_typography_font_size": {
                                                    "unit": "px",
                                                    "size": 14,
                                                    "sizes": []
                                                },
                                                "classic_title_typography_font_weight": "400",
                                                "classic_title_typography_line_height": {
                                                    "unit": "em",
                                                    "size": 1.5,
                                                    "sizes": []
                                                },
                                                "classic_title_spacing": {
                                                    "unit": "px",
                                                    "size": 10,
                                                    "sizes": []
                                                },
                                                "classic_meta_color": "rgba(101, 110, 120, 0.74)",
                                                "classic_meta_typography_typography": "custom",
                                                "classic_meta_typography_font_size": {
                                                    "unit": "px",
                                                    "size": 12,
                                                    "sizes": []
                                                },
                                                "classic_meta_typography_font_weight": "400",
                                                "classic_meta_typography_text_transform": "uppercase",
                                                "classic_meta_typography_letter_spacing": {
                                                    "unit": "px",
                                                    "size": 0.4,
                                                    "sizes": []
                                                },
                                                "classic_columns_tablet": "1"
                                            },
                                            "elements": [],
                                            "isInner": false,
                                            "widgetType": "posts",
                                            "elType": "widget"
                                        }
                                    ],
                                    "isInner": true,
                                    "elType": "column"
                                }
                            ],
                            "isInner": true,
                            "elType": "section"
                        }
                    ],
                    "isInner": false,
                    "elType": "column"
                }
            ],
            "isInner": false,
            "elType": "section"
        }
    ],
    "page_settings": {
        "page_template": "elementor_header_footer"
    }
}