{
    "version": "0.4",
    "title": "Case Studies",
    "type": "page",
    "metadata": {
        "template_type": "single-page",
        "include_in_zip": "1",
        "elementor_pro_required": "1",
        "wp_page_template": "elementor_header_footer"
    },
    "content": [
        {
            "id": "794bf0e6",
            "settings": {
                "background_background": "classic",
                "background_color": "#F0E7D5",
                "margin": {
                    "unit": "px",
                    "top": "0",
                    "right": 0,
                    "bottom": "0",
                    "left": 0,
                    "isLinked": false
                },
                "padding": {
                    "unit": "px",
                    "top": "0",
                    "right": "0",
                    "bottom": "0",
                    "left": "0",
                    "isLinked": false
                },
                "background_image": {
                    "url": "https:\/\/www.memoreel.hocud.com\/wp-content\/uploads\/roasted-ceramic-products-without-glaze-closeup.jpg",
                    "id": 1507
                },
                "background_position": "center center",
                "background_attachment": "fixed",
                "background_repeat": "no-repeat",
                "background_size": "cover",
                "background_overlay_background": "classic",
                "background_overlay_opacity": {
                    "unit": "px",
                    "size": 1,
                    "sizes": []
                },
                "content_width": {
                    "unit": "px",
                    "size": 700,
                    "sizes": []
                },
                "background_overlay_color_stop": {
                    "unit": "%",
                    "size": 50,
                    "sizes": []
                },
                "background_overlay_color_b": "rgba(255, 255, 255, 0)",
                "background_overlay_color_b_stop": {
                    "unit": "%",
                    "size": 50,
                    "sizes": []
                },
                "background_overlay_gradient_angle": {
                    "unit": "deg",
                    "size": 90,
                    "sizes": []
                },
                "padding_tablet": {
                    "unit": "px",
                    "top": "0",
                    "right": "80",
                    "bottom": "0",
                    "left": "80",
                    "isLinked": false
                },
                "padding_mobile": {
                    "unit": "px",
                    "top": "60",
                    "right": "10",
                    "bottom": "60",
                    "left": "10",
                    "isLinked": false
                }
            },
            "elements": [
                {
                    "id": "33758053",
                    "settings": {
                        "_column_size": 100,
                        "_inline_size": null,
                        "background_background": "classic",
                        "background_color": "rgba(240, 231, 213, 0.9215686274509803)",
                        "padding": {
                            "unit": "px",
                            "top": "80",
                            "right": "80",
                            "bottom": "80",
                            "left": "80",
                            "isLinked": true
                        },
                        "padding_mobile": {
                            "unit": "px",
                            "top": "50",
                            "right": "30",
                            "bottom": "50",
                            "left": "30",
                            "isLinked": false
                        }
                    },
                    "elements": [
                        {
                            "id": "73e572e3",
                            "settings": {
                                "title": "Our Case Studies",
                                "header_size": "h1",
                                "align": "center",
                                "title_color": "#101112",
                                "eg_tooltip_description": "This is tooltip",
                                "align_mobile": "center",
                                "typography_typography": "custom",
                                "typography_line_height": {
                                    "unit": "em",
                                    "size": 1.4,
                                    "sizes": []
                                }
                            },
                            "elements": [],
                            "isInner": false,
                            "widgetType": "heading",
                            "elType": "widget"
                        },
                        {
                            "id": "276518b7",
                            "settings": {
                                "style": "dashed",
                                "align": "center",
                                "look": "line_icon",
                                "text": "Text",
                                "icon": {
                                    "value": "fas fa-camera",
                                    "library": "fa-solid"
                                },
                                "color": "#B7C7DA",
                                "gap": {
                                    "unit": "px",
                                    "size": 10,
                                    "sizes": []
                                },
                                "text_color": "#BA9E52",
                                "typography_typography": "custom",
                                "typography_font_size": {
                                    "unit": "px",
                                    "size": 10,
                                    "sizes": []
                                },
                                "typography_font_weight": "400",
                                "typography_text_transform": "uppercase",
                                "typography_line_height": {
                                    "unit": "em",
                                    "size": 1.5,
                                    "sizes": []
                                },
                                "typography_letter_spacing": {
                                    "unit": "px",
                                    "size": 2,
                                    "sizes": []
                                },
                                "icon_size": {
                                    "unit": "px",
                                    "size": 14,
                                    "sizes": []
                                },
                                "primary_color": "#BA9E52",
                                "icon_spacing": {
                                    "unit": "px",
                                    "size": 12,
                                    "sizes": []
                                },
                                "eg_tooltip_description": "This is tooltip"
                            },
                            "elements": [],
                            "isInner": false,
                            "widgetType": "divider",
                            "elType": "widget"
                        },
                        {
                            "id": "7d8a4f35",
                            "settings": {
                                "editor": "<p>Integer posuere erat a ante venenatis dapibus posuere velit aliquet. Vivamus sagittis lacus vel augue laoreet rutrum faucibus.<\/p>",
                                "align": "center",
                                "align_mobile": "center",
                                "text_color": "#101112",
                                "typography_typography": "custom",
                                "typography_font_size": {
                                    "unit": "px",
                                    "size": 18,
                                    "sizes": []
                                },
                                "typography_font_size_mobile": {
                                    "unit": "px",
                                    "size": 16,
                                    "sizes": []
                                },
                                "typography_font_weight": "300",
                                "typography_line_height": {
                                    "unit": "em",
                                    "size": 1.5,
                                    "sizes": []
                                },
                                "typography_letter_spacing": {
                                    "unit": "px",
                                    "size": 0,
                                    "sizes": []
                                },
                                "_margin": {
                                    "unit": "px",
                                    "top": "10",
                                    "right": "0",
                                    "bottom": "0",
                                    "left": "0",
                                    "isLinked": false
                                },
                                "eg_tooltip_description": "This is tooltip"
                            },
                            "elements": [],
                            "isInner": false,
                            "widgetType": "text-editor",
                            "elType": "widget"
                        },
                        {
                            "id": "498c2c81",
                            "settings": {
                                "view": "inline",
                                "icon_list": [
                                    {
                                        "text": "+1 2345 234 780",
                                        "selected_icon": {
                                            "value": "fas fa-phone",
                                            "library": "fa-solid"
                                        },
                                        "_id": "33fb2c0",
                                        "link": {
                                            "url": "",
                                            "is_external": "",
                                            "nofollow": "",
                                            "custom_attributes": ""
                                        },
                                        "__dynamic__": []
                                    },
                                    {
                                        "text": "hello@hocud.com",
                                        "selected_icon": {
                                            "value": "fas fa-envelope-open",
                                            "library": "fa-solid"
                                        },
                                        "link": {
                                            "url": "",
                                            "is_external": "",
                                            "nofollow": "",
                                            "custom_attributes": ""
                                        },
                                        "__dynamic__": [],
                                        "_id": "06e99dd"
                                    },
                                    {
                                        "text": "View Pricing",
                                        "selected_icon": {
                                            "value": "fas fa-tags",
                                            "library": "fa-solid"
                                        },
                                        "link": {
                                            "url": "#",
                                            "is_external": "",
                                            "nofollow": "",
                                            "custom_attributes": ""
                                        },
                                        "__dynamic__": [],
                                        "_id": "a7b839b"
                                    }
                                ],
                                "space_between": {
                                    "unit": "px",
                                    "size": 30,
                                    "sizes": []
                                },
                                "icon_align": "center",
                                "icon_align_mobile": "center",
                                "divider_color": "rgba(255, 255, 255, 0.34)",
                                "icon_color": "rgba(255, 255, 255, 0.76)",
                                "icon_color_hover": "#BA9E52",
                                "icon_size": {
                                    "unit": "px",
                                    "size": 12,
                                    "sizes": []
                                },
                                "icon_self_align": "left",
                                "text_color": "#101112",
                                "text_color_hover": "#54595F",
                                "icon_typography_typography": "custom",
                                "icon_typography_font_size": {
                                    "unit": "px",
                                    "size": 13,
                                    "sizes": []
                                },
                                "icon_typography_font_weight": "400",
                                "icon_typography_line_height_mobile": {
                                    "unit": "em",
                                    "size": 2.4,
                                    "sizes": []
                                },
                                "icon_typography_letter_spacing": {
                                    "unit": "px",
                                    "size": 0.3,
                                    "sizes": []
                                },
                                "_margin": {
                                    "unit": "px",
                                    "top": "0",
                                    "right": "0",
                                    "bottom": "0",
                                    "left": "0",
                                    "isLinked": false
                                },
                                "_margin_mobile": {
                                    "unit": "px",
                                    "top": "0",
                                    "right": "0",
                                    "bottom": "0",
                                    "left": "0",
                                    "isLinked": false
                                },
                                "_padding": {
                                    "unit": "px",
                                    "top": "6",
                                    "right": "6",
                                    "bottom": "6",
                                    "left": "6",
                                    "isLinked": true
                                },
                                "_padding_mobile": {
                                    "unit": "px",
                                    "top": "15",
                                    "right": "30",
                                    "bottom": "15",
                                    "left": "30",
                                    "isLinked": false
                                },
                                "eg_tooltip_description": "This is tooltip",
                                "_background_background": "classic",
                                "_background_color": "rgba(16, 17, 18, 0.07)",
                                "_border_width": {
                                    "unit": "px",
                                    "top": "1",
                                    "right": "1",
                                    "bottom": "1",
                                    "left": "1",
                                    "isLinked": true
                                },
                                "_border_color": "#FFFFFF"
                            },
                            "elements": [],
                            "isInner": false,
                            "widgetType": "icon-list",
                            "elType": "widget"
                        }
                    ],
                    "isInner": false,
                    "elType": "column"
                }
            ],
            "isInner": false,
            "elType": "section"
        },
        {
            "id": "700c6098",
            "settings": {
                "content_width": {
                    "unit": "px",
                    "size": 700,
                    "sizes": []
                },
                "margin": {
                    "unit": "px",
                    "top": "100",
                    "right": 0,
                    "bottom": "100",
                    "left": 0,
                    "isLinked": true
                },
                "padding_mobile": {
                    "unit": "px",
                    "top": "0",
                    "right": "30",
                    "bottom": "0",
                    "left": "30",
                    "isLinked": false
                }
            },
            "elements": [
                {
                    "id": "ce5e76e",
                    "settings": {
                        "_column_size": 100,
                        "_inline_size": null
                    },
                    "elements": [
                        {
                            "id": "45d1b41a",
                            "settings": {
                                "title": "A thing that you see in my pictures is that I was not afraid to fall in love with these people.",
                                "align": "center",
                                "typography_typography": "custom",
                                "typography_line_height": {
                                    "unit": "em",
                                    "size": 1.4,
                                    "sizes": []
                                }
                            },
                            "elements": [],
                            "isInner": false,
                            "widgetType": "heading",
                            "elType": "widget"
                        }
                    ],
                    "isInner": false,
                    "elType": "column"
                }
            ],
            "isInner": false,
            "elType": "section"
        },
        {
            "id": "372f71fb",
            "settings": {
                "gap": "no",
                "structure": "20",
                "content_position": "middle",
                "margin_tablet": {
                    "unit": "px",
                    "top": "0",
                    "right": 0,
                    "bottom": "30",
                    "left": 0,
                    "isLinked": false
                },
                "reverse_order_mobile": "reverse-mobile"
            },
            "elements": [
                {
                    "id": "21de3428",
                    "settings": {
                        "_column_size": 50,
                        "_inline_size": 50,
                        "_inline_size_tablet": 40,
                        "background_background": "classic",
                        "background_color": "#FCFAF6"
                    },
                    "elements": [
                        {
                            "id": "4b3632b6",
                            "settings": {
                                "image": {
                                    "url": "https:\/\/www.memoreel.hocud.com\/wp-content\/uploads\/aerial-view-with-sea-coast-sandy-beach-blue-water-hotels.jpg",
                                    "id": 843
                                },
                                "image_size": "custom",
                                "image_custom_dimension": {
                                    "width": "600",
                                    "height": "600"
                                }
                            },
                            "elements": [],
                            "isInner": false,
                            "widgetType": "image",
                            "elType": "widget"
                        }
                    ],
                    "isInner": false,
                    "elType": "column"
                },
                {
                    "id": "6616d95b",
                    "settings": {
                        "_column_size": 50,
                        "_inline_size": 50,
                        "background_background": "classic",
                        "background_color": "#FCFAF6",
                        "padding": {
                            "unit": "px",
                            "top": "60",
                            "right": "60",
                            "bottom": "60",
                            "left": "60",
                            "isLinked": true
                        },
                        "_inline_size_tablet": 60,
                        "padding_tablet": {
                            "unit": "px",
                            "top": "40",
                            "right": "40",
                            "bottom": "40",
                            "left": "40",
                            "isLinked": true
                        },
                        "padding_mobile": {
                            "unit": "px",
                            "top": "60",
                            "right": "30",
                            "bottom": "60",
                            "left": "30",
                            "isLinked": false
                        }
                    },
                    "elements": [
                        {
                            "id": "2c801d82",
                            "settings": {
                                "title": "Eden Tropical Resort Case Study",
                                "typography_typography": "custom",
                                "typography_line_height": {
                                    "unit": "em",
                                    "size": 1.4,
                                    "sizes": []
                                }
                            },
                            "elements": [],
                            "isInner": false,
                            "widgetType": "heading",
                            "elType": "widget"
                        },
                        {
                            "id": "541f8e30",
                            "settings": {
                                "title": "Corporate Case Study",
                                "header_size": "p",
                                "title_color": "#BA9E52",
                                "typography_typography": "custom",
                                "typography_font_size": {
                                    "unit": "px",
                                    "size": 14,
                                    "sizes": []
                                },
                                "typography_font_weight": "400",
                                "typography_text_transform": "uppercase",
                                "typography_line_height": {
                                    "unit": "em",
                                    "size": 1.3,
                                    "sizes": []
                                },
                                "typography_letter_spacing": {
                                    "unit": "px",
                                    "size": 1,
                                    "sizes": []
                                }
                            },
                            "elements": [],
                            "isInner": false,
                            "widgetType": "heading",
                            "elType": "widget"
                        },
                        {
                            "id": "6cd7efd",
                            "settings": {
                                "editor": "<p>Etiam porta sem malesuada magna mollis euismod. Nullam id dolor id nibh ultricies vehicula ut id elit. Praesent commodo cursus magna, vel scelerisque nisl consectetur et. Praesent commodo cursus magna, vel scelerisque nisl consectetur et. Lorem ipsum dolor sit amet, consectetur adipiscing elit. Sed posuere consectetur est at lobortis.<\/p>",
                                "text_color": "#656E78",
                                "_margin": {
                                    "unit": "px",
                                    "top": "20",
                                    "right": "0",
                                    "bottom": "20",
                                    "left": "0",
                                    "isLinked": false
                                }
                            },
                            "elements": [],
                            "isInner": false,
                            "widgetType": "text-editor",
                            "elType": "widget"
                        },
                        {
                            "id": "a3e6fec",
                            "settings": {
                                "text": "Learn More",
                                "selected_icon": {
                                    "value": "fas fa-long-arrow-alt-right",
                                    "library": "fa-solid"
                                },
                                "icon_align": "right",
                                "icon_indent": {
                                    "unit": "px",
                                    "size": 10,
                                    "sizes": []
                                },
                                "align_mobile": "justify"
                            },
                            "elements": [],
                            "isInner": false,
                            "widgetType": "button",
                            "elType": "widget"
                        }
                    ],
                    "isInner": false,
                    "elType": "column"
                }
            ],
            "isInner": false,
            "elType": "section"
        },
        {
            "id": "1e502f3b",
            "settings": {
                "gap": "no",
                "structure": "20",
                "content_position": "middle",
                "margin_tablet": {
                    "unit": "px",
                    "top": "0",
                    "right": 0,
                    "bottom": "30",
                    "left": 0,
                    "isLinked": false
                }
            },
            "elements": [
                {
                    "id": "13e01903",
                    "settings": {
                        "_column_size": 50,
                        "_inline_size": 50,
                        "background_background": "classic",
                        "background_color": "#FCFAF6",
                        "padding": {
                            "unit": "px",
                            "top": "60",
                            "right": "60",
                            "bottom": "60",
                            "left": "60",
                            "isLinked": true
                        },
                        "_inline_size_tablet": 60,
                        "padding_tablet": {
                            "unit": "px",
                            "top": "40",
                            "right": "40",
                            "bottom": "40",
                            "left": "40",
                            "isLinked": true
                        },
                        "padding_mobile": {
                            "unit": "px",
                            "top": "60",
                            "right": "30",
                            "bottom": "60",
                            "left": "30",
                            "isLinked": false
                        }
                    },
                    "elements": [
                        {
                            "id": "1febcd2",
                            "settings": {
                                "title": "Horizon School Photography Case Study",
                                "typography_typography": "custom",
                                "typography_line_height": {
                                    "unit": "em",
                                    "size": 1.4,
                                    "sizes": []
                                }
                            },
                            "elements": [],
                            "isInner": false,
                            "widgetType": "heading",
                            "elType": "widget"
                        },
                        {
                            "id": "31247a18",
                            "settings": {
                                "title": "Corporate Case Study",
                                "header_size": "p",
                                "title_color": "#BA9E52",
                                "typography_typography": "custom",
                                "typography_font_size": {
                                    "unit": "px",
                                    "size": 14,
                                    "sizes": []
                                },
                                "typography_font_weight": "400",
                                "typography_text_transform": "uppercase",
                                "typography_line_height": {
                                    "unit": "em",
                                    "size": 1.3,
                                    "sizes": []
                                },
                                "typography_letter_spacing": {
                                    "unit": "px",
                                    "size": 1,
                                    "sizes": []
                                }
                            },
                            "elements": [],
                            "isInner": false,
                            "widgetType": "heading",
                            "elType": "widget"
                        },
                        {
                            "id": "3acc7c89",
                            "settings": {
                                "editor": "<p>Etiam porta sem malesuada magna mollis euismod. Nullam id dolor id nibh ultricies vehicula ut id elit. Praesent commodo cursus magna, vel scelerisque nisl consectetur et. Praesent commodo cursus magna, vel scelerisque nisl consectetur et. Lorem ipsum dolor sit amet, consectetur adipiscing elit. Sed posuere consectetur est at lobortis.<\/p>",
                                "text_color": "#656E78",
                                "_margin": {
                                    "unit": "px",
                                    "top": "20",
                                    "right": "0",
                                    "bottom": "20",
                                    "left": "0",
                                    "isLinked": false
                                }
                            },
                            "elements": [],
                            "isInner": false,
                            "widgetType": "text-editor",
                            "elType": "widget"
                        },
                        {
                            "id": "477630b9",
                            "settings": {
                                "text": "Learn More",
                                "selected_icon": {
                                    "value": "fas fa-long-arrow-alt-right",
                                    "library": "fa-solid"
                                },
                                "icon_align": "right",
                                "icon_indent": {
                                    "unit": "px",
                                    "size": 10,
                                    "sizes": []
                                },
                                "align_mobile": "justify"
                            },
                            "elements": [],
                            "isInner": false,
                            "widgetType": "button",
                            "elType": "widget"
                        }
                    ],
                    "isInner": false,
                    "elType": "column"
                },
                {
                    "id": "34a10604",
                    "settings": {
                        "_column_size": 50,
                        "_inline_size": 50,
                        "_inline_size_tablet": 40,
                        "background_background": "classic",
                        "background_color": "#FCFAF6"
                    },
                    "elements": [
                        {
                            "id": "2dba1d7d",
                            "settings": {
                                "image": {
                                    "url": "https:\/\/www.memoreel.hocud.com\/wp-content\/uploads\/children-in-school-library.jpg",
                                    "id": 1614
                                },
                                "image_size": "custom",
                                "image_custom_dimension": {
                                    "width": "600",
                                    "height": "600"
                                }
                            },
                            "elements": [],
                            "isInner": false,
                            "widgetType": "image",
                            "elType": "widget"
                        }
                    ],
                    "isInner": false,
                    "elType": "column"
                }
            ],
            "isInner": false,
            "elType": "section"
        },
        {
            "id": "668562bd",
            "settings": {
                "gap": "no",
                "structure": "20",
                "content_position": "middle",
                "margin_tablet": {
                    "unit": "px",
                    "top": "0",
                    "right": 0,
                    "bottom": "0",
                    "left": 0,
                    "isLinked": false
                },
                "reverse_order_mobile": "reverse-mobile"
            },
            "elements": [
                {
                    "id": "5dae75f9",
                    "settings": {
                        "_column_size": 50,
                        "_inline_size": 50,
                        "_inline_size_tablet": 40,
                        "background_background": "classic",
                        "background_color": "#FCFAF6"
                    },
                    "elements": [
                        {
                            "id": "4f85c32",
                            "settings": {
                                "image": {
                                    "url": "https:\/\/www.memoreel.hocud.com\/wp-content\/uploads\/cute-couple-in-a-jeans-clothes-in-a-spring-field.jpg",
                                    "id": 837
                                },
                                "image_size": "custom",
                                "image_custom_dimension": {
                                    "width": "600",
                                    "height": "600"
                                }
                            },
                            "elements": [],
                            "isInner": false,
                            "widgetType": "image",
                            "elType": "widget"
                        }
                    ],
                    "isInner": false,
                    "elType": "column"
                },
                {
                    "id": "50247562",
                    "settings": {
                        "_column_size": 50,
                        "_inline_size": 50,
                        "background_background": "classic",
                        "background_color": "#FCFAF6",
                        "padding": {
                            "unit": "px",
                            "top": "60",
                            "right": "60",
                            "bottom": "60",
                            "left": "60",
                            "isLinked": true
                        },
                        "_inline_size_tablet": 60,
                        "padding_tablet": {
                            "unit": "px",
                            "top": "40",
                            "right": "40",
                            "bottom": "40",
                            "left": "40",
                            "isLinked": true
                        },
                        "padding_mobile": {
                            "unit": "px",
                            "top": "60",
                            "right": "30",
                            "bottom": "60",
                            "left": "30",
                            "isLinked": false
                        }
                    },
                    "elements": [
                        {
                            "id": "576adf50",
                            "settings": {
                                "title": "Emma & Oliver Photography Case Study",
                                "typography_typography": "custom",
                                "typography_line_height": {
                                    "unit": "em",
                                    "size": 1.4,
                                    "sizes": []
                                }
                            },
                            "elements": [],
                            "isInner": false,
                            "widgetType": "heading",
                            "elType": "widget"
                        },
                        {
                            "id": "6b206adc",
                            "settings": {
                                "title": "Wedding Case Study",
                                "header_size": "p",
                                "title_color": "#BA9E52",
                                "typography_typography": "custom",
                                "typography_font_size": {
                                    "unit": "px",
                                    "size": 14,
                                    "sizes": []
                                },
                                "typography_font_weight": "400",
                                "typography_text_transform": "uppercase",
                                "typography_line_height": {
                                    "unit": "em",
                                    "size": 1.3,
                                    "sizes": []
                                },
                                "typography_letter_spacing": {
                                    "unit": "px",
                                    "size": 1,
                                    "sizes": []
                                }
                            },
                            "elements": [],
                            "isInner": false,
                            "widgetType": "heading",
                            "elType": "widget"
                        },
                        {
                            "id": "4ad21b31",
                            "settings": {
                                "editor": "<p>Etiam porta sem malesuada magna mollis euismod. Nullam id dolor id nibh ultricies vehicula ut id elit. Praesent commodo cursus magna, vel scelerisque nisl consectetur et. Praesent commodo cursus magna, vel scelerisque nisl consectetur et. Lorem ipsum dolor sit amet, consectetur adipiscing elit. Sed posuere consectetur est at lobortis.<\/p>",
                                "text_color": "#656E78",
                                "_margin": {
                                    "unit": "px",
                                    "top": "20",
                                    "right": "0",
                                    "bottom": "20",
                                    "left": "0",
                                    "isLinked": false
                                }
                            },
                            "elements": [],
                            "isInner": false,
                            "widgetType": "text-editor",
                            "elType": "widget"
                        },
                        {
                            "id": "265c911a",
                            "settings": {
                                "text": "Learn More",
                                "selected_icon": {
                                    "value": "fas fa-long-arrow-alt-right",
                                    "library": "fa-solid"
                                },
                                "icon_align": "right",
                                "icon_indent": {
                                    "unit": "px",
                                    "size": 10,
                                    "sizes": []
                                },
                                "align_mobile": "justify"
                            },
                            "elements": [],
                            "isInner": false,
                            "widgetType": "button",
                            "elType": "widget"
                        }
                    ],
                    "isInner": false,
                    "elType": "column"
                }
            ],
            "isInner": false,
            "elType": "section"
        },
        {
            "id": "4215709c",
            "settings": {
                "layout": "full_width",
                "height": "min-height",
                "custom_height": {
                    "unit": "px",
                    "size": 600,
                    "sizes": []
                },
                "background_background": "slideshow",
                "background_image": {
                    "url": "https:\/\/www.memoreel.hocud.com\/wp-content\/uploads\/photographer-taking-a-picture-of-a-ocean-coast.jpg",
                    "id": 919
                },
                "background_position": "center center",
                "background_attachment": "fixed",
                "background_repeat": "no-repeat",
                "background_size": "cover",
                "background_slideshow_gallery": [
                    {
                        "id": 1612,
                        "url": "https:\/\/www.memoreel.hocud.com\/wp-content\/uploads\/group-study-for-school-assignment.jpg"
                    },
                    {
                        "id": 1586,
                        "url": "https:\/\/www.memoreel.hocud.com\/wp-content\/uploads\/wedding-photos.jpg"
                    },
                    {
                        "id": 1617,
                        "url": "https:\/\/www.memoreel.hocud.com\/wp-content\/uploads\/national-opera-of-paris.jpg"
                    }
                ],
                "background_slideshow_slide_duration": 3000,
                "background_slideshow_background_size": "cover",
                "background_slideshow_background_position": "center center",
                "background_slideshow_ken_burns": "yes",
                "margin": {
                    "unit": "px",
                    "top": "100",
                    "right": 0,
                    "bottom": "0",
                    "left": 0,
                    "isLinked": false
                },
                "margin_tablet": {
                    "unit": "px",
                    "top": "0",
                    "right": 0,
                    "bottom": "0",
                    "left": 0,
                    "isLinked": false
                },
                "margin_mobile": {
                    "unit": "px",
                    "top": "50",
                    "right": 0,
                    "bottom": "0",
                    "left": 0,
                    "isLinked": false
                }
            },
            "elements": [
                {
                    "id": "5f270b9d",
                    "settings": {
                        "_column_size": 100,
                        "_inline_size": null
                    },
                    "elements": [],
                    "isInner": false,
                    "elType": "column"
                }
            ],
            "isInner": false,
            "elType": "section"
        },
        {
            "id": "500a030",
            "settings": {
                "gap": "no",
                "custom_height": {
                    "unit": "px",
                    "size": 500
                },
                "content_position": "middle",
                "background_background": "classic",
                "background_image": {
                    "id": 1545,
                    "url": "https:\/\/www.memoreel.hocud.com\/wp-content\/uploads\/photography-1.jpg"
                },
                "background_position": "center center",
                "background_size": "cover",
                "background_overlay_background": "classic",
                "background_overlay_color": "#F0E7D5",
                "background_overlay_opacity": {
                    "unit": "px",
                    "size": 0.93
                },
                "padding": {
                    "unit": "px",
                    "top": "100",
                    "right": "0",
                    "bottom": "100",
                    "left": "0",
                    "isLinked": false
                },
                "padding_tablet": {
                    "unit": "px",
                    "top": "100",
                    "right": "40",
                    "bottom": "100",
                    "left": "40",
                    "isLinked": false
                },
                "padding_mobile": {
                    "unit": "px",
                    "top": "60",
                    "right": "30",
                    "bottom": "60",
                    "left": "30",
                    "isLinked": false
                },
                "content_width": {
                    "unit": "px",
                    "size": 600,
                    "sizes": []
                },
                "background_repeat": "no-repeat"
            },
            "elements": [
                {
                    "id": "44fc2bb3",
                    "settings": {
                        "_column_size": 100
                    },
                    "elements": [
                        {
                            "id": "224b093c",
                            "settings": {
                                "selected_icon": {
                                    "value": "fas fa-camera",
                                    "library": "fa-solid"
                                },
                                "primary_color": "#BA9E52",
                                "hover_primary_color": "#101112",
                                "size_mobile": {
                                    "unit": "px",
                                    "size": 32,
                                    "sizes": []
                                }
                            },
                            "elements": [],
                            "isInner": false,
                            "widgetType": "icon",
                            "elType": "widget"
                        },
                        {
                            "id": "d4f39dd",
                            "settings": {
                                "title": "Keep your memory forever with a colorful way.",
                                "align": "center",
                                "title_color": "#101112",
                                "typography_typography": "custom",
                                "typography_font_size": {
                                    "unit": "px",
                                    "size": 36
                                },
                                "typography_font_weight": "400",
                                "typography_font_size_mobile": {
                                    "unit": "px",
                                    "size": 30
                                },
                                "header_size": "h3",
                                "typography_line_height": {
                                    "unit": "em",
                                    "size": 1.4,
                                    "sizes": []
                                }
                            },
                            "elements": [],
                            "isInner": false,
                            "widgetType": "heading",
                            "elType": "widget"
                        },
                        {
                            "id": "5938f84a",
                            "settings": {
                                "title": "Nullam id dolor id nibh ultricies vehicula ut id elit. Maecenas sed diam eget risus varius blandit sit amet non magna.",
                                "header_size": "p",
                                "align": "center",
                                "title_color": "#101112",
                                "typography_typography": "custom",
                                "typography_font_size": {
                                    "unit": "px",
                                    "size": 18
                                },
                                "typography_font_weight": "300",
                                "typography_letter_spacing": {
                                    "unit": "px",
                                    "size": 0
                                },
                                "typography_line_height_mobile": {
                                    "unit": "px",
                                    "size": ""
                                },
                                "typography_line_height": {
                                    "unit": "em",
                                    "size": 1.7,
                                    "sizes": []
                                },
                                "_margin": {
                                    "unit": "px",
                                    "top": "15",
                                    "right": "0",
                                    "bottom": "15",
                                    "left": "0",
                                    "isLinked": false
                                }
                            },
                            "elements": [],
                            "isInner": false,
                            "widgetType": "heading",
                            "elType": "widget"
                        },
                        {
                            "id": "40feff66",
                            "settings": {
                                "text": "Get Started",
                                "align": "center",
                                "_margin": {
                                    "unit": "px",
                                    "top": "0",
                                    "right": "0",
                                    "bottom": "15",
                                    "left": "0",
                                    "isLinked": false
                                },
                                "align_mobile": "justify"
                            },
                            "elements": [],
                            "isInner": false,
                            "widgetType": "button",
                            "elType": "widget"
                        },
                        {
                            "id": "2cc1b3a3",
                            "settings": {
                                "view": "inline",
                                "icon_list": [
                                    {
                                        "text": "+1 2345 234 780",
                                        "selected_icon": {
                                            "value": "fas fa-phone",
                                            "library": "fa-solid"
                                        },
                                        "_id": "33fb2c0",
                                        "link": {
                                            "url": "",
                                            "is_external": "",
                                            "nofollow": "",
                                            "custom_attributes": ""
                                        },
                                        "__dynamic__": []
                                    },
                                    {
                                        "text": "hello@hocud.com",
                                        "selected_icon": {
                                            "value": "fas fa-envelope-open",
                                            "library": "fa-solid"
                                        },
                                        "link": {
                                            "url": "",
                                            "is_external": "",
                                            "nofollow": "",
                                            "custom_attributes": ""
                                        },
                                        "__dynamic__": [],
                                        "_id": "06e99dd"
                                    },
                                    {
                                        "text": "View Pricing",
                                        "selected_icon": {
                                            "value": "fas fa-tags",
                                            "library": "fa-solid"
                                        },
                                        "link": {
                                            "url": "#",
                                            "is_external": "",
                                            "nofollow": "",
                                            "custom_attributes": ""
                                        },
                                        "__dynamic__": [],
                                        "_id": "a7b839b"
                                    }
                                ],
                                "space_between": {
                                    "unit": "px",
                                    "size": 30,
                                    "sizes": []
                                },
                                "icon_align": "center",
                                "icon_align_mobile": "center",
                                "divider_color": "rgba(255, 255, 255, 0.34)",
                                "icon_color": "rgba(255, 255, 255, 0.76)",
                                "icon_color_hover": "#BA9E52",
                                "icon_size": {
                                    "unit": "px",
                                    "size": 12,
                                    "sizes": []
                                },
                                "icon_self_align": "left",
                                "text_color": "#101112",
                                "text_color_hover": "#54595F",
                                "icon_typography_typography": "custom",
                                "icon_typography_font_size": {
                                    "unit": "px",
                                    "size": 13,
                                    "sizes": []
                                },
                                "icon_typography_font_weight": "400",
                                "icon_typography_line_height_mobile": {
                                    "unit": "em",
                                    "size": 2.4,
                                    "sizes": []
                                },
                                "icon_typography_letter_spacing": {
                                    "unit": "px",
                                    "size": 0.3,
                                    "sizes": []
                                },
                                "_margin": {
                                    "unit": "px",
                                    "top": "0",
                                    "right": "0",
                                    "bottom": "0",
                                    "left": "0",
                                    "isLinked": false
                                },
                                "_margin_mobile": {
                                    "unit": "px",
                                    "top": "0",
                                    "right": "0",
                                    "bottom": "0",
                                    "left": "0",
                                    "isLinked": false
                                },
                                "_padding": {
                                    "unit": "px",
                                    "top": "6",
                                    "right": "6",
                                    "bottom": "6",
                                    "left": "6",
                                    "isLinked": true
                                },
                                "_padding_mobile": {
                                    "unit": "px",
                                    "top": "15",
                                    "right": "30",
                                    "bottom": "15",
                                    "left": "30",
                                    "isLinked": false
                                },
                                "eg_tooltip_description": "This is tooltip",
                                "_background_background": "classic",
                                "_background_color": "rgba(16, 17, 18, 0.07)",
                                "_border_width": {
                                    "unit": "px",
                                    "top": "1",
                                    "right": "1",
                                    "bottom": "1",
                                    "left": "1",
                                    "isLinked": true
                                },
                                "_border_color": "#FFFFFF"
                            },
                            "elements": [],
                            "isInner": false,
                            "widgetType": "icon-list",
                            "elType": "widget"
                        }
                    ],
                    "isInner": false,
                    "elType": "column"
                }
            ],
            "isInner": false,
            "elType": "section"
        }
    ],
    "page_settings": {
        "hide_title": "yes",
        "template": "elementor_header_footer"
    }
}