{
    "version": "0.4",
    "title": "Coming Soon",
    "type": "page",
    "metadata": {
        "template_type": "single-page",
        "include_in_zip": "1",
        "elementor_pro_required": "1",
        "wp_page_template": "elementor_canvas"
    },
    "content": [
        {
            "id": "6c4484e1",
            "settings": {
                "background_background": "classic",
                "background_color": "#F0E7D5",
                "gap": "no",
                "content_position": "middle",
                "margin": {
                    "unit": "px",
                    "top": "0",
                    "right": 0,
                    "bottom": "0",
                    "left": 0,
                    "isLinked": false
                },
                "padding": {
                    "unit": "px",
                    "top": "0",
                    "right": "0",
                    "bottom": "0",
                    "left": "0",
                    "isLinked": false
                },
                "shape_divider_top_color": "#F0E7D5",
                "shape_divider_top_height": {
                    "unit": "px",
                    "size": 170,
                    "sizes": []
                },
                "shape_divider_top_above_content": "yes",
                "shape_divider_bottom_color": "#F0E7D5",
                "shape_divider_bottom_height": {
                    "unit": "px",
                    "size": 170,
                    "sizes": []
                },
                "shape_divider_bottom_flip": "yes",
                "shape_divider_bottom_above_content": "yes",
                "shape_divider_top_height_mobile": {
                    "unit": "px",
                    "size": 130,
                    "sizes": []
                },
                "shape_divider_bottom_height_mobile": {
                    "unit": "px",
                    "size": 130,
                    "sizes": []
                },
                "padding_mobile": {
                    "unit": "px",
                    "top": "0",
                    "right": "0",
                    "bottom": "0",
                    "left": "0",
                    "isLinked": false
                },
                "height": "full",
                "custom_height": {
                    "unit": "vh",
                    "size": 60,
                    "sizes": []
                }
            },
            "elements": [
                {
                    "id": "76cfa684",
                    "settings": {
                        "_column_size": 100,
                        "_inline_size": null
                    },
                    "elements": [
                        {
                            "id": "714b6ff1",
                            "settings": {
                                "gap": "no",
                                "content_position": "middle",
                                "structure": "20",
                                "background_background": "classic",
                                "background_color": "#F0E7D5",
                                "shape_divider_top": "triangle",
                                "shape_divider_top_color": "#F0E7D5",
                                "shape_divider_top_height": {
                                    "unit": "px",
                                    "size": 170,
                                    "sizes": []
                                },
                                "shape_divider_top_height_mobile": {
                                    "unit": "px",
                                    "size": 70,
                                    "sizes": []
                                },
                                "shape_divider_top_above_content": "yes",
                                "shape_divider_bottom": "triangle",
                                "shape_divider_bottom_color": "#F0E7D5",
                                "shape_divider_bottom_height": {
                                    "unit": "px",
                                    "size": 170,
                                    "sizes": []
                                },
                                "shape_divider_bottom_height_mobile": {
                                    "unit": "px",
                                    "size": 80,
                                    "sizes": []
                                },
                                "shape_divider_bottom_flip": "yes",
                                "shape_divider_bottom_above_content": "yes",
                                "margin": {
                                    "unit": "px",
                                    "top": "0",
                                    "right": 0,
                                    "bottom": "0",
                                    "left": 0,
                                    "isLinked": false
                                },
                                "padding": {
                                    "unit": "px",
                                    "top": "0100",
                                    "right": "0",
                                    "bottom": "100",
                                    "left": "0",
                                    "isLinked": false
                                },
                                "padding_mobile": {
                                    "unit": "px",
                                    "top": "30",
                                    "right": "10",
                                    "bottom": "30",
                                    "left": "10",
                                    "isLinked": false
                                }
                            },
                            "elements": [
                                {
                                    "id": "50636543",
                                    "settings": {
                                        "_column_size": 50,
                                        "_inline_size": null,
                                        "background_background": "classic",
                                        "background_color": "#FFFFFF",
                                        "border_border": "solid",
                                        "border_width": {
                                            "unit": "px",
                                            "top": "0",
                                            "right": "5",
                                            "bottom": "0",
                                            "left": "5",
                                            "isLinked": false
                                        },
                                        "border_color": "#F0E7D5",
                                        "border_radius": {
                                            "unit": "px",
                                            "top": "0",
                                            "right": "0",
                                            "bottom": "0",
                                            "left": "0",
                                            "isLinked": false
                                        },
                                        "padding": {
                                            "unit": "px",
                                            "top": "80",
                                            "right": "80",
                                            "bottom": "80",
                                            "left": "80",
                                            "isLinked": true
                                        },
                                        "background_image": {
                                            "url": "https:\/\/www.memoreel.hocud.com\/wp-content\/uploads\/creative-summer-wallpaper-with-beach-resort-inside-cornet.jpg",
                                            "id": 552
                                        },
                                        "background_position": "center center",
                                        "background_size": "contain",
                                        "background_overlay_background": "classic",
                                        "background_overlay_color": "#FFFFFF",
                                        "background_overlay_opacity": {
                                            "unit": "px",
                                            "size": 0.95,
                                            "sizes": []
                                        },
                                        "padding_tablet": {
                                            "unit": "px",
                                            "top": "70",
                                            "right": "30",
                                            "bottom": "70",
                                            "left": "30",
                                            "isLinked": false
                                        },
                                        "padding_mobile": {
                                            "unit": "px",
                                            "top": "80",
                                            "right": "30",
                                            "bottom": "30",
                                            "left": "30",
                                            "isLinked": false
                                        }
                                    },
                                    "elements": [
                                        {
                                            "id": "6993e62f",
                                            "settings": {
                                                "__dynamic__": {
                                                    "image": "[elementor-tag id=\"\" name=\"site-logo\" settings=\"%7B%7D\"]",
                                                    "link": "[elementor-tag id=\"\" name=\"site-url\" settings=\"%7B%7D\"]"
                                                },
                                                "align": "center"
                                            },
                                            "elements": [],
                                            "isInner": false,
                                            "widgetType": "theme-site-logo",
                                            "elType": "widget"
                                        },
                                        {
                                            "id": "82a8299",
                                            "settings": {
                                                "style": "dashed",
                                                "align": "center",
                                                "look": "line_icon",
                                                "text": "Text",
                                                "icon": {
                                                    "value": "fas fa-camera",
                                                    "library": "fa-solid"
                                                },
                                                "color": "#B7C7DA",
                                                "gap": {
                                                    "unit": "px",
                                                    "size": 10,
                                                    "sizes": []
                                                },
                                                "text_color": "#BA9E52",
                                                "typography_typography": "custom",
                                                "typography_font_size": {
                                                    "unit": "px",
                                                    "size": 10,
                                                    "sizes": []
                                                },
                                                "typography_font_weight": "400",
                                                "typography_text_transform": "uppercase",
                                                "typography_line_height": {
                                                    "unit": "em",
                                                    "size": 1.5,
                                                    "sizes": []
                                                },
                                                "typography_letter_spacing": {
                                                    "unit": "px",
                                                    "size": 2,
                                                    "sizes": []
                                                },
                                                "icon_size": {
                                                    "unit": "px",
                                                    "size": 14,
                                                    "sizes": []
                                                },
                                                "primary_color": "#BA9E52",
                                                "icon_spacing": {
                                                    "unit": "px",
                                                    "size": 12,
                                                    "sizes": []
                                                },
                                                "eg_tooltip_description": "This is tooltip"
                                            },
                                            "elements": [],
                                            "isInner": false,
                                            "widgetType": "divider",
                                            "elType": "widget"
                                        },
                                        {
                                            "id": "1fb2b580",
                                            "settings": {
                                                "title": "Coming Soon",
                                                "header_size": "h1",
                                                "align": "left",
                                                "title_color": "#BA9E52",
                                                "typography_typography": "custom",
                                                "typography_line_height": {
                                                    "unit": "em",
                                                    "size": 1.4,
                                                    "sizes": []
                                                }
                                            },
                                            "elements": [],
                                            "isInner": false,
                                            "widgetType": "heading",
                                            "elType": "widget"
                                        },
                                        {
                                            "id": "77ef97df",
                                            "settings": {
                                                "title": "Sed posuere consectetur est at lobortis. Nullam id dolor id nibh ultricies vehicula ut id elit.",
                                                "header_size": "p",
                                                "align": "left",
                                                "title_color": "#656E78",
                                                "typography_typography": "custom",
                                                "typography_font_size": {
                                                    "unit": "px",
                                                    "size": 16,
                                                    "sizes": []
                                                },
                                                "typography_line_height": {
                                                    "unit": "em",
                                                    "size": 1.6,
                                                    "sizes": []
                                                },
                                                "_margin": {
                                                    "unit": "px",
                                                    "top": "10",
                                                    "right": "0",
                                                    "bottom": "10",
                                                    "left": "0",
                                                    "isLinked": false
                                                }
                                            },
                                            "elements": [],
                                            "isInner": false,
                                            "widgetType": "heading",
                                            "elType": "widget"
                                        },
                                        {
                                            "id": "73ad1ae3",
                                            "settings": {
                                                "due_date": "2020-07-29 04:39",
                                                "label_days": "Days",
                                                "label_hours": "Hours",
                                                "label_minutes": "Minutes",
                                                "label_seconds": "Seconds",
                                                "box_background_color": "#FFFFFF",
                                                "box_border_border": "dashed",
                                                "box_border_width": {
                                                    "unit": "px",
                                                    "top": "1",
                                                    "right": "1",
                                                    "bottom": "1",
                                                    "left": "1",
                                                    "isLinked": true
                                                },
                                                "box_border_color": "#F0E7D5",
                                                "box_spacing_tablet": {
                                                    "unit": "px",
                                                    "size": 2,
                                                    "sizes": []
                                                },
                                                "box_spacing_mobile": {
                                                    "unit": "px",
                                                    "size": 2,
                                                    "sizes": []
                                                },
                                                "box_padding": {
                                                    "unit": "px",
                                                    "top": "20",
                                                    "right": "20",
                                                    "bottom": "20",
                                                    "left": "20",
                                                    "isLinked": true
                                                },
                                                "box_padding_tablet": {
                                                    "unit": "px",
                                                    "top": "15",
                                                    "right": "15",
                                                    "bottom": "15",
                                                    "left": "15",
                                                    "isLinked": true
                                                },
                                                "box_padding_mobile": {
                                                    "unit": "px",
                                                    "top": "10",
                                                    "right": "10",
                                                    "bottom": "10",
                                                    "left": "10",
                                                    "isLinked": true
                                                },
                                                "digits_color": "#BA9E52",
                                                "digits_typography_typography": "custom",
                                                "digits_typography_font_size": {
                                                    "unit": "px",
                                                    "size": 32,
                                                    "sizes": []
                                                },
                                                "digits_typography_font_size_tablet": {
                                                    "unit": "px",
                                                    "size": 24,
                                                    "sizes": []
                                                },
                                                "digits_typography_font_size_mobile": {
                                                    "unit": "px",
                                                    "size": 20,
                                                    "sizes": []
                                                },
                                                "digits_typography_font_weight": "400",
                                                "digits_typography_line_height": {
                                                    "unit": "em",
                                                    "size": 1.4,
                                                    "sizes": []
                                                },
                                                "label_color": "#656E78",
                                                "label_typography_typography": "custom",
                                                "label_typography_font_size": {
                                                    "unit": "px",
                                                    "size": 12,
                                                    "sizes": []
                                                },
                                                "label_typography_font_size_tablet": {
                                                    "unit": "px",
                                                    "size": 11,
                                                    "sizes": []
                                                },
                                                "label_typography_font_size_mobile": {
                                                    "unit": "px",
                                                    "size": 10,
                                                    "sizes": []
                                                },
                                                "label_typography_font_weight": "400",
                                                "label_typography_text_transform": "uppercase",
                                                "label_typography_letter_spacing": {
                                                    "unit": "px",
                                                    "size": 1,
                                                    "sizes": []
                                                }
                                            },
                                            "elements": [],
                                            "isInner": false,
                                            "widgetType": "countdown",
                                            "elType": "widget"
                                        },
                                        {
                                            "id": "68b5a44e",
                                            "settings": {
                                                "social_icon_list": [
                                                    {
                                                        "social_icon": {
                                                            "value": "fab fa-flickr",
                                                            "library": "fa-brands"
                                                        },
                                                        "link": {
                                                            "url": "",
                                                            "is_external": "true",
                                                            "nofollow": "",
                                                            "custom_attributes": ""
                                                        },
                                                        "item_icon_color": "default",
                                                        "item_icon_primary_color": "",
                                                        "item_icon_secondary_color": "",
                                                        "_id": "0963ce4"
                                                    },
                                                    {
                                                        "social_icon": {
                                                            "value": "fab fa-instagram",
                                                            "library": "fa-brands"
                                                        },
                                                        "link": {
                                                            "url": "",
                                                            "is_external": "true",
                                                            "nofollow": "",
                                                            "custom_attributes": ""
                                                        },
                                                        "item_icon_color": "default",
                                                        "item_icon_primary_color": "",
                                                        "item_icon_secondary_color": "",
                                                        "_id": "0d946cc"
                                                    },
                                                    {
                                                        "social_icon": {
                                                            "value": "fab fa-pinterest",
                                                            "library": "fa-brands"
                                                        },
                                                        "link": {
                                                            "url": "",
                                                            "is_external": "true",
                                                            "nofollow": "",
                                                            "custom_attributes": ""
                                                        },
                                                        "item_icon_color": "default",
                                                        "item_icon_primary_color": "",
                                                        "item_icon_secondary_color": "",
                                                        "_id": "f74d5e5"
                                                    },
                                                    {
                                                        "social_icon": {
                                                            "value": "fab fa-facebook",
                                                            "library": "fa-brands"
                                                        },
                                                        "_id": "e3df671",
                                                        "link": {
                                                            "url": "",
                                                            "is_external": "true",
                                                            "nofollow": "",
                                                            "custom_attributes": ""
                                                        },
                                                        "item_icon_color": "default",
                                                        "item_icon_primary_color": "",
                                                        "item_icon_secondary_color": ""
                                                    },
                                                    {
                                                        "social_icon": {
                                                            "value": "fab fa-twitter",
                                                            "library": "fa-brands"
                                                        },
                                                        "_id": "9a9d508",
                                                        "link": {
                                                            "url": "",
                                                            "is_external": "true",
                                                            "nofollow": "",
                                                            "custom_attributes": ""
                                                        },
                                                        "item_icon_color": "default",
                                                        "item_icon_primary_color": "",
                                                        "item_icon_secondary_color": ""
                                                    }
                                                ],
                                                "shape": "square",
                                                "align": "left",
                                                "icon_size": {
                                                    "unit": "px",
                                                    "size": 14,
                                                    "sizes": []
                                                },
                                                "icon_spacing": {
                                                    "unit": "px",
                                                    "size": 10,
                                                    "sizes": []
                                                },
                                                "hover_animation": "bob",
                                                "_margin": {
                                                    "unit": "px",
                                                    "top": "20",
                                                    "right": "0",
                                                    "bottom": "0",
                                                    "left": "0",
                                                    "isLinked": false
                                                },
                                                "icon_color": "custom",
                                                "icon_primary_color": "#BA9E52",
                                                "icon_size_mobile": {
                                                    "unit": "px",
                                                    "size": 16,
                                                    "sizes": []
                                                },
                                                "hover_primary_color": "#101112",
                                                "hover_secondary_color": "#F0E7D5"
                                            },
                                            "elements": [],
                                            "isInner": false,
                                            "widgetType": "social-icons",
                                            "elType": "widget"
                                        }
                                    ],
                                    "isInner": true,
                                    "elType": "column"
                                },
                                {
                                    "id": "752ef084",
                                    "settings": {
                                        "_column_size": 50,
                                        "_inline_size": null,
                                        "background_background": "classic",
                                        "background_color": "#FFFFFF",
                                        "background_position": "center center",
                                        "background_repeat": "no-repeat",
                                        "background_size": "cover",
                                        "border_border": "solid",
                                        "border_width": {
                                            "unit": "px",
                                            "top": "0",
                                            "right": "5",
                                            "bottom": "0",
                                            "left": "5",
                                            "isLinked": false
                                        },
                                        "border_color": "#F0E7D5",
                                        "border_radius": {
                                            "unit": "px",
                                            "top": "0",
                                            "right": "0",
                                            "bottom": "0",
                                            "left": "0",
                                            "isLinked": false
                                        },
                                        "padding": {
                                            "unit": "px",
                                            "top": "50",
                                            "right": "50",
                                            "bottom": "50",
                                            "left": "50",
                                            "isLinked": true
                                        },
                                        "padding_tablet": {
                                            "unit": "px",
                                            "top": "0",
                                            "right": "0",
                                            "bottom": "0",
                                            "left": "0",
                                            "isLinked": false
                                        },
                                        "padding_mobile": {
                                            "unit": "px",
                                            "top": "0",
                                            "right": "0",
                                            "bottom": "0",
                                            "left": "0",
                                            "isLinked": false
                                        },
                                        "background_overlay_background": "classic",
                                        "background_overlay_color": "#FFFFFF",
                                        "background_overlay_image": {
                                            "url": "https:\/\/www.memoreel.hocud.com\/wp-content\/uploads\/portrait-of-beautiful-bride-wedding-photo-1.jpg",
                                            "id": 1588
                                        },
                                        "background_overlay_position": "center center",
                                        "background_overlay_repeat": "no-repeat",
                                        "background_overlay_size": "cover",
                                        "background_overlay_opacity": {
                                            "unit": "px",
                                            "size": 1,
                                            "sizes": []
                                        },
                                        "background_overlay_hover_position": "top center",
                                        "background_overlay_hover_repeat": "no-repeat",
                                        "background_overlay_hover_size": "cover",
                                        "background_overlay_hover_opacity": {
                                            "unit": "px",
                                            "size": 1,
                                            "sizes": []
                                        },
                                        "css_filters_hover_css_filter": "custom",
                                        "css_filters_hover_saturate": {
                                            "unit": "px",
                                            "size": 0,
                                            "sizes": []
                                        },
                                        "background_overlay_hover_transition": {
                                            "unit": "px",
                                            "size": 2,
                                            "sizes": []
                                        }
                                    },
                                    "elements": [
                                        {
                                            "id": "12ac23f7",
                                            "settings": [],
                                            "elements": [],
                                            "isInner": false,
                                            "widgetType": "spacer",
                                            "elType": "widget"
                                        },
                                        {
                                            "id": "6af1b584",
                                            "settings": {
                                                "space_mobile": {
                                                    "unit": "px",
                                                    "size": 230,
                                                    "sizes": []
                                                }
                                            },
                                            "elements": [],
                                            "isInner": false,
                                            "widgetType": "spacer",
                                            "elType": "widget"
                                        }
                                    ],
                                    "isInner": true,
                                    "elType": "column"
                                }
                            ],
                            "isInner": true,
                            "elType": "section"
                        }
                    ],
                    "isInner": false,
                    "elType": "column"
                }
            ],
            "isInner": false,
            "elType": "section"
        }
    ],
    "page_settings": {
        "hide_title": "yes",
        "template": "elementor_canvas"
    }
}