{
    "version": "0.4",
    "title": "Contact With Form Block 2",
    "type": "section",
    "metadata": {
        "template_type": "section-contact",
        "include_in_zip": "1",
        "elementor_pro_required": "1",
        "wp_page_template": "elementor_header_footer"
    },
    "content": [
        {
            "id": "13a7e0bf",
            "settings": {
                "content_width": {
                    "unit": "px",
                    "size": 1000,
                    "sizes": []
                },
                "gap": "wider",
                "structure": "20",
                "background_background": "classic",
                "background_color": "#BA9E52",
                "background_image": {
                    "url": "https:\/\/www.memoreel.hocud.com\/wp-content\/uploads\/beach.jpg",
                    "id": 1632
                },
                "background_position": "center center",
                "background_repeat": "no-repeat",
                "background_size": "cover",
                "background_overlay_background": "classic",
                "background_overlay_color": "#101112",
                "background_overlay_opacity": {
                    "unit": "px",
                    "size": 0.41,
                    "sizes": []
                },
                "margin": {
                    "unit": "px",
                    "top": "0",
                    "right": 0,
                    "bottom": "0",
                    "left": 0,
                    "isLinked": false
                },
                "padding": {
                    "unit": "px",
                    "top": "100",
                    "right": "0",
                    "bottom": "100",
                    "left": "0",
                    "isLinked": false
                },
                "padding_mobile": {
                    "unit": "px",
                    "top": "60",
                    "right": "20",
                    "bottom": "60",
                    "left": "20",
                    "isLinked": false
                }
            },
            "elements": [
                {
                    "id": "66fb327",
                    "settings": {
                        "_column_size": 50,
                        "_inline_size": null,
                        "background_background": "classic",
                        "background_color": "rgba(16, 17, 18, 0.65)",
                        "border_border": "solid",
                        "border_width": {
                            "unit": "px",
                            "top": "1",
                            "right": "1",
                            "bottom": "1",
                            "left": "1",
                            "isLinked": true
                        },
                        "border_color": "rgba(252, 250, 246, 0.28)",
                        "padding": {
                            "unit": "px",
                            "top": "50",
                            "right": "50",
                            "bottom": "50",
                            "left": "50",
                            "isLinked": true
                        },
                        "padding_mobile": {
                            "unit": "px",
                            "top": "60",
                            "right": "30",
                            "bottom": "60",
                            "left": "30",
                            "isLinked": false
                        }
                    },
                    "elements": [
                        {
                            "id": "1aa80e2d",
                            "settings": {
                                "title": "Have not found the answer?",
                                "title_color": "#F0E7D5",
                                "typography_typography": "custom",
                                "typography_line_height": {
                                    "unit": "em",
                                    "size": 1.4,
                                    "sizes": []
                                },
                                "_margin": {
                                    "unit": "px",
                                    "top": "0",
                                    "right": "0",
                                    "bottom": "15",
                                    "left": "0",
                                    "isLinked": false
                                }
                            },
                            "elements": [],
                            "isInner": false,
                            "widgetType": "heading",
                            "elType": "widget"
                        },
                        {
                            "id": "76f1b59c",
                            "settings": {
                                "editor": "<p>Donec id elit non mi porta gravida at eget metus. Donec ullamcorper nulla non metus auctor fringilla. Praesent commodo cursus magna.<\/p>",
                                "text_color": "rgba(255, 255, 255, 0.8)"
                            },
                            "elements": [],
                            "isInner": false,
                            "widgetType": "text-editor",
                            "elType": "widget"
                        },
                        {
                            "id": "60b59cc4",
                            "settings": {
                                "selected_icon": {
                                    "value": "fas fa-envelope-open",
                                    "library": "fa-solid"
                                },
                                "icon_text": "1",
                                "icon_size": {
                                    "unit": "px",
                                    "size": 16,
                                    "sizes": []
                                },
                                "icon_position": "left",
                                "heading": "Submit your query via email",
                                "sub_heading": "",
                                "description": "",
                                "title_html_tag": "h6",
                                "link_type": "button",
                                "link": {
                                    "url": "",
                                    "is_external": "",
                                    "nofollow": "",
                                    "custom_attributes": ""
                                },
                                "button_text": "hello@hocud.com",
                                "align": "left",
                                "icon_color_normal": "#F0E7D5",
                                "icon_margin": {
                                    "unit": "px",
                                    "top": "10",
                                    "right": "15",
                                    "bottom": "0",
                                    "left": "0",
                                    "isLinked": false
                                },
                                "title_color": "#FFFFFF",
                                "title_typography_typography": "custom",
                                "title_typography_line_height": {
                                    "unit": "em",
                                    "size": 1.4,
                                    "sizes": []
                                },
                                "title_margin": {
                                    "unit": "px",
                                    "size": 15,
                                    "sizes": []
                                },
                                "button_size": "xs",
                                "button_text_color_normal": "#FFFFFF",
                                "button_bg_color_normal": "rgba(255, 255, 255, 0)",
                                "button_border_normal_border": "solid",
                                "button_border_normal_width": {
                                    "unit": "px",
                                    "top": "1",
                                    "right": "1",
                                    "bottom": "1",
                                    "left": "1",
                                    "isLinked": true
                                },
                                "button_border_normal_color": "rgba(255, 255, 255, 0.18)",
                                "button_typography_typography": "custom",
                                "button_typography_font_size": {
                                    "unit": "px",
                                    "size": 12,
                                    "sizes": []
                                },
                                "button_typography_font_weight": "400",
                                "button_typography_text_transform": "uppercase",
                                "button_typography_letter_spacing": {
                                    "unit": "px",
                                    "size": 2,
                                    "sizes": []
                                },
                                "button_padding": {
                                    "unit": "px",
                                    "top": "8",
                                    "right": "25",
                                    "bottom": "8",
                                    "left": "25",
                                    "isLinked": false
                                },
                                "button_text_color_hover": "#FFFFFF",
                                "button_bg_color_hover": "#BA9E52",
                                "_margin": {
                                    "unit": "px",
                                    "top": "0",
                                    "right": "0",
                                    "bottom": "15",
                                    "left": "0",
                                    "isLinked": false
                                },
                                "icon_color_hover": "#FCFAF6"
                            },
                            "elements": [],
                            "isInner": false,
                            "widgetType": "pp-info-box",
                            "elType": "widget"
                        },
                        {
                            "id": "2c80c43",
                            "settings": {
                                "selected_icon": {
                                    "value": "fas fa-phone",
                                    "library": "fa-solid"
                                },
                                "icon_text": "1",
                                "icon_size": {
                                    "unit": "px",
                                    "size": 16,
                                    "sizes": []
                                },
                                "icon_position": "left",
                                "heading": "Give us a direct call",
                                "sub_heading": "",
                                "description": "",
                                "title_html_tag": "h6",
                                "link_type": "button",
                                "link": {
                                    "url": "",
                                    "is_external": "",
                                    "nofollow": "",
                                    "custom_attributes": ""
                                },
                                "button_text": "+1 2222 333 444",
                                "align": "left",
                                "icon_color_normal": "#F0E7D5",
                                "icon_margin": {
                                    "unit": "px",
                                    "top": "10",
                                    "right": "15",
                                    "bottom": "0",
                                    "left": "0",
                                    "isLinked": false
                                },
                                "title_color": "#FFFFFF",
                                "title_typography_typography": "custom",
                                "title_typography_line_height": {
                                    "unit": "em",
                                    "size": 1.4,
                                    "sizes": []
                                },
                                "title_margin": {
                                    "unit": "px",
                                    "size": 15,
                                    "sizes": []
                                },
                                "button_size": "xs",
                                "button_text_color_normal": "#FFFFFF",
                                "button_bg_color_normal": "rgba(255, 255, 255, 0)",
                                "button_border_normal_border": "solid",
                                "button_border_normal_width": {
                                    "unit": "px",
                                    "top": "1",
                                    "right": "1",
                                    "bottom": "1",
                                    "left": "1",
                                    "isLinked": true
                                },
                                "button_border_normal_color": "rgba(255, 255, 255, 0.18)",
                                "button_typography_typography": "custom",
                                "button_typography_font_size": {
                                    "unit": "px",
                                    "size": 12,
                                    "sizes": []
                                },
                                "button_typography_font_weight": "400",
                                "button_typography_text_transform": "uppercase",
                                "button_typography_letter_spacing": {
                                    "unit": "px",
                                    "size": 2,
                                    "sizes": []
                                },
                                "button_padding": {
                                    "unit": "px",
                                    "top": "8",
                                    "right": "25",
                                    "bottom": "8",
                                    "left": "25",
                                    "isLinked": false
                                },
                                "button_text_color_hover": "#FFFFFF",
                                "button_bg_color_hover": "#BA9E52",
                                "icon_color_hover": "#FCFAF6",
                                "_margin": {
                                    "unit": "px",
                                    "top": "0",
                                    "right": "0",
                                    "bottom": "15",
                                    "left": "0",
                                    "isLinked": false
                                }
                            },
                            "elements": [],
                            "isInner": false,
                            "widgetType": "pp-info-box",
                            "elType": "widget"
                        }
                    ],
                    "isInner": false,
                    "elType": "column"
                },
                {
                    "id": "1517ecd6",
                    "settings": {
                        "_column_size": 50,
                        "_inline_size": null,
                        "background_background": "classic",
                        "background_color": "#FCFAF6",
                        "padding": {
                            "unit": "px",
                            "top": "50",
                            "right": "50",
                            "bottom": "50",
                            "left": "50",
                            "isLinked": true
                        },
                        "padding_mobile": {
                            "unit": "px",
                            "top": "60",
                            "right": "30",
                            "bottom": "60",
                            "left": "30",
                            "isLinked": false
                        }
                    },
                    "elements": [
                        {
                            "id": "1d6905ea",
                            "settings": {
                                "title": "Submit your queries",
                                "header_size": "h5",
                                "title_color": "#101112",
                                "_margin": {
                                    "unit": "px",
                                    "top": "0",
                                    "right": "0",
                                    "bottom": "30",
                                    "left": "0",
                                    "isLinked": false
                                }
                            },
                            "elements": [],
                            "isInner": false,
                            "widgetType": "heading",
                            "elType": "widget"
                        },
                        {
                            "id": "54e257c7",
                            "settings": {
                                "form_name": "Form Style",
                                "form_fields": [
                                    {
                                        "custom_id": "firstname",
                                        "field_type": "text",
                                        "field_label": "First Name",
                                        "placeholder": "e.g. Jon",
                                        "width": "50",
                                        "_id": "f005117",
                                        "required": "true",
                                        "field_options": "",
                                        "allow_multiple": "",
                                        "select_size": "",
                                        "inline_list": "",
                                        "field_html": "",
                                        "width_tablet": "",
                                        "width_mobile": "",
                                        "rows": 4,
                                        "recaptcha_size": "normal",
                                        "recaptcha_style": "light",
                                        "recaptcha_badge": "bottomright",
                                        "css_classes": "",
                                        "field_value": ""
                                    },
                                    {
                                        "custom_id": "lastname",
                                        "field_type": "text",
                                        "field_label": "Last Name",
                                        "placeholder": "e.g. Doe",
                                        "width": "50",
                                        "required": "true",
                                        "field_options": "",
                                        "allow_multiple": "",
                                        "select_size": "",
                                        "inline_list": "",
                                        "field_html": "",
                                        "width_tablet": "",
                                        "width_mobile": "",
                                        "rows": 4,
                                        "recaptcha_size": "normal",
                                        "recaptcha_style": "light",
                                        "recaptcha_badge": "bottomright",
                                        "css_classes": "",
                                        "field_value": "",
                                        "_id": "50e7cc2"
                                    },
                                    {
                                        "custom_id": "emailaddress",
                                        "field_type": "email",
                                        "required": "true",
                                        "field_label": "Email Address",
                                        "placeholder": "e.g. hello@example.com",
                                        "width": "50",
                                        "_id": "11cd68a",
                                        "field_options": "",
                                        "allow_multiple": "",
                                        "select_size": "",
                                        "inline_list": "",
                                        "field_html": "",
                                        "width_tablet": "",
                                        "width_mobile": "",
                                        "rows": 4,
                                        "recaptcha_size": "normal",
                                        "recaptcha_style": "light",
                                        "recaptcha_badge": "bottomright",
                                        "css_classes": "",
                                        "field_value": ""
                                    },
                                    {
                                        "field_type": "tel",
                                        "field_label": "Telephone",
                                        "placeholder": "e.g. +101610345677",
                                        "required": "true",
                                        "field_options": "",
                                        "allow_multiple": "",
                                        "select_size": "",
                                        "inline_list": "",
                                        "field_html": "",
                                        "width": "50",
                                        "width_tablet": "",
                                        "width_mobile": "",
                                        "rows": 4,
                                        "recaptcha_size": "normal",
                                        "recaptcha_style": "light",
                                        "recaptcha_badge": "bottomright",
                                        "css_classes": "",
                                        "field_value": "",
                                        "custom_id": "telephone",
                                        "_id": "43bbb92"
                                    },
                                    {
                                        "custom_id": "message",
                                        "field_type": "textarea",
                                        "field_label": "Message",
                                        "placeholder": "Message",
                                        "width": "100",
                                        "_id": "b110c6a",
                                        "required": "true",
                                        "field_options": "",
                                        "allow_multiple": "",
                                        "select_size": "",
                                        "inline_list": "",
                                        "field_html": "",
                                        "width_tablet": "",
                                        "width_mobile": "",
                                        "rows": 4,
                                        "recaptcha_size": "normal",
                                        "recaptcha_style": "light",
                                        "recaptcha_badge": "bottomright",
                                        "css_classes": "",
                                        "field_value": ""
                                    }
                                ],
                                "button_text": "Submit",
                                "email_content": "[all-fields]",
                                "email_content_2": "[all-fields]",
                                "success_message": "The form was sent successfully.",
                                "error_message": "An error occured.",
                                "required_field_message": "This field is required.",
                                "invalid_message": "There's something wrong. The form is invalid.",
                                "eg_tooltip_description": "This is tooltip",
                                "mark_required": "yes",
                                "column_gap": {
                                    "unit": "px",
                                    "size": 15,
                                    "sizes": []
                                },
                                "row_gap": {
                                    "unit": "px",
                                    "size": 25,
                                    "sizes": []
                                },
                                "label_spacing": {
                                    "unit": "px",
                                    "size": 10,
                                    "sizes": []
                                }
                            },
                            "elements": [],
                            "isInner": false,
                            "widgetType": "form",
                            "elType": "widget"
                        }
                    ],
                    "isInner": false,
                    "elType": "column"
                }
            ],
            "isInner": false,
            "elType": "section"
        }
    ],
    "page_settings": {
        "hide_title": "yes",
        "content_wrapper_html_tag": "section",
        "template": "elementor_header_footer"
    }
}