{
    "version": "0.4",
    "title": "Contact With Form Block 1",
    "type": "section",
    "metadata": {
        "template_type": "section-contact",
        "include_in_zip": "1",
        "elementor_pro_required": "1",
        "wp_page_template": "elementor_header_footer"
    },
    "content": [
        {
            "id": "7c014052",
            "settings": {
                "gap": "wider",
                "structure": "20",
                "background_position": "center center",
                "background_repeat": "no-repeat",
                "background_size": "cover",
                "background_overlay_opacity": {
                    "unit": "px",
                    "size": 0.7,
                    "sizes": []
                },
                "margin": {
                    "unit": "px",
                    "top": "0",
                    "right": 0,
                    "bottom": "0",
                    "left": 0,
                    "isLinked": false
                },
                "padding": {
                    "unit": "px",
                    "top": "0",
                    "right": "0",
                    "bottom": "0",
                    "left": "0",
                    "isLinked": false
                },
                "content_position": "middle",
                "padding_tablet": {
                    "unit": "px",
                    "top": "80",
                    "right": "40",
                    "bottom": "80",
                    "left": "40",
                    "isLinked": false
                },
                "padding_mobile": {
                    "unit": "px",
                    "top": "80",
                    "right": "20",
                    "bottom": "80",
                    "left": "20",
                    "isLinked": false
                }
            },
            "elements": [
                {
                    "id": "33ba802c",
                    "settings": {
                        "_column_size": 50,
                        "_inline_size": 40,
                        "background_background": "classic",
                        "background_color": "#FCFAF6",
                        "border_border": "solid",
                        "border_width": {
                            "unit": "px",
                            "top": "1",
                            "right": "1",
                            "bottom": "1",
                            "left": "1",
                            "isLinked": true
                        },
                        "border_color": "rgba(252, 250, 246, 0.28)",
                        "padding": {
                            "unit": "px",
                            "top": "50",
                            "right": "50",
                            "bottom": "50",
                            "left": "50",
                            "isLinked": true
                        },
                        "_inline_size_tablet": 100,
                        "padding_tablet": {
                            "unit": "px",
                            "top": "80",
                            "right": "40",
                            "bottom": "80",
                            "left": "40",
                            "isLinked": false
                        },
                        "padding_mobile": {
                            "unit": "px",
                            "top": "60",
                            "right": "20",
                            "bottom": "60",
                            "left": "20",
                            "isLinked": false
                        }
                    },
                    "elements": [
                        {
                            "id": "26810a8d",
                            "settings": {
                                "title": "Get in touch!",
                                "title_color": "#101112",
                                "typography_typography": "custom",
                                "typography_line_height": {
                                    "unit": "em",
                                    "size": 1.4,
                                    "sizes": []
                                },
                                "_margin": {
                                    "unit": "px",
                                    "top": "0",
                                    "right": "0",
                                    "bottom": "15",
                                    "left": "0",
                                    "isLinked": false
                                }
                            },
                            "elements": [],
                            "isInner": false,
                            "widgetType": "heading",
                            "elType": "widget"
                        },
                        {
                            "id": "33cf533",
                            "settings": {
                                "editor": "<p>We can't wait to hear from you! We respond to inquiries ASAP always, but if it's a weekend just know that we might be at a photography event when you contact us.<\/p>",
                                "text_color": "#656E78"
                            },
                            "elements": [],
                            "isInner": false,
                            "widgetType": "text-editor",
                            "elType": "widget"
                        },
                        {
                            "id": "1dc325c7",
                            "settings": {
                                "selected_icon": {
                                    "value": "fas fa-map-marker-alt",
                                    "library": "fa-solid"
                                },
                                "icon_text": "1",
                                "icon_size": {
                                    "unit": "px",
                                    "size": 24,
                                    "sizes": []
                                },
                                "icon_position": "left",
                                "heading": "Official Address",
                                "sub_heading": "",
                                "description": "121 King Street, Melbourne\nVictoria 3000, Australia",
                                "title_html_tag": "h5",
                                "link": {
                                    "url": "",
                                    "is_external": "",
                                    "nofollow": "",
                                    "custom_attributes": ""
                                },
                                "button_text": "",
                                "align": "left",
                                "icon_color_normal": "#BA9E52",
                                "icon_margin": {
                                    "unit": "px",
                                    "top": "10",
                                    "right": "15",
                                    "bottom": "0",
                                    "left": "0",
                                    "isLinked": false
                                },
                                "title_color": "#101112",
                                "title_typography_typography": "custom",
                                "title_typography_line_height": {
                                    "unit": "em",
                                    "size": 1.4,
                                    "sizes": []
                                },
                                "title_margin": {
                                    "unit": "px",
                                    "size": 15,
                                    "sizes": []
                                },
                                "button_size": "xs",
                                "button_text_color_normal": "#FFFFFF",
                                "button_bg_color_normal": "#BA9E52",
                                "button_border_normal_border": "solid",
                                "button_border_normal_width": {
                                    "unit": "px",
                                    "top": "1",
                                    "right": "1",
                                    "bottom": "1",
                                    "left": "1",
                                    "isLinked": true
                                },
                                "button_border_normal_color": "rgba(255, 255, 255, 0.18)",
                                "button_typography_typography": "custom",
                                "button_typography_font_size": {
                                    "unit": "px",
                                    "size": 12,
                                    "sizes": []
                                },
                                "button_typography_font_weight": "400",
                                "button_typography_text_transform": "uppercase",
                                "button_typography_letter_spacing": {
                                    "unit": "px",
                                    "size": 2,
                                    "sizes": []
                                },
                                "button_padding": {
                                    "unit": "px",
                                    "top": "8",
                                    "right": "25",
                                    "bottom": "8",
                                    "left": "25",
                                    "isLinked": false
                                },
                                "button_text_color_hover": "#FFFFFF",
                                "button_bg_color_hover": "#101112",
                                "_margin": {
                                    "unit": "px",
                                    "top": "0",
                                    "right": "0",
                                    "bottom": "20",
                                    "left": "0",
                                    "isLinked": false
                                },
                                "icon_color_hover": "#F0E7D5",
                                "description_color": "#656E78",
                                "description_margin": {
                                    "unit": "px",
                                    "size": 0,
                                    "sizes": []
                                },
                                "icon_size_mobile": {
                                    "unit": "px",
                                    "size": 18,
                                    "sizes": []
                                }
                            },
                            "elements": [],
                            "isInner": false,
                            "widgetType": "pp-info-box",
                            "elType": "widget"
                        },
                        {
                            "id": "3f5f3d0a",
                            "settings": {
                                "selected_icon": {
                                    "value": "fas fa-envelope-open",
                                    "library": "fa-solid"
                                },
                                "icon_text": "1",
                                "icon_size": {
                                    "unit": "px",
                                    "size": 24,
                                    "sizes": []
                                },
                                "icon_position": "left",
                                "heading": "Submit your query via email",
                                "sub_heading": "",
                                "description": "",
                                "title_html_tag": "h5",
                                "link_type": "button",
                                "link": {
                                    "url": "",
                                    "is_external": "",
                                    "nofollow": "",
                                    "custom_attributes": ""
                                },
                                "button_text": "hello@hocud.com",
                                "align": "left",
                                "icon_color_normal": "#BA9E52",
                                "icon_margin": {
                                    "unit": "px",
                                    "top": "10",
                                    "right": "15",
                                    "bottom": "0",
                                    "left": "0",
                                    "isLinked": false
                                },
                                "title_color": "#101112",
                                "title_typography_typography": "custom",
                                "title_typography_line_height": {
                                    "unit": "em",
                                    "size": 1.4,
                                    "sizes": []
                                },
                                "title_margin": {
                                    "unit": "px",
                                    "size": 15,
                                    "sizes": []
                                },
                                "button_size": "xs",
                                "button_text_color_normal": "#FFFFFF",
                                "button_bg_color_normal": "#BA9E52",
                                "button_border_normal_border": "solid",
                                "button_border_normal_width": {
                                    "unit": "px",
                                    "top": "1",
                                    "right": "1",
                                    "bottom": "1",
                                    "left": "1",
                                    "isLinked": true
                                },
                                "button_border_normal_color": "rgba(255, 255, 255, 0.18)",
                                "button_typography_typography": "custom",
                                "button_typography_font_size": {
                                    "unit": "px",
                                    "size": 12,
                                    "sizes": []
                                },
                                "button_typography_font_weight": "400",
                                "button_typography_text_transform": "uppercase",
                                "button_typography_letter_spacing": {
                                    "unit": "px",
                                    "size": 2,
                                    "sizes": []
                                },
                                "button_padding": {
                                    "unit": "px",
                                    "top": "8",
                                    "right": "25",
                                    "bottom": "8",
                                    "left": "25",
                                    "isLinked": false
                                },
                                "button_text_color_hover": "#FFFFFF",
                                "button_bg_color_hover": "#101112",
                                "_margin": {
                                    "unit": "px",
                                    "top": "0",
                                    "right": "0",
                                    "bottom": "20",
                                    "left": "0",
                                    "isLinked": false
                                },
                                "icon_color_hover": "#F0E7D5",
                                "icon_size_mobile": {
                                    "unit": "px",
                                    "size": 18,
                                    "sizes": []
                                }
                            },
                            "elements": [],
                            "isInner": false,
                            "widgetType": "pp-info-box",
                            "elType": "widget"
                        },
                        {
                            "id": "3b771539",
                            "settings": {
                                "selected_icon": {
                                    "value": "fas fa-phone",
                                    "library": "fa-solid"
                                },
                                "icon_text": "1",
                                "icon_size": {
                                    "unit": "px",
                                    "size": 24,
                                    "sizes": []
                                },
                                "icon_position": "left",
                                "heading": "Give us a direct call",
                                "sub_heading": "",
                                "description": "",
                                "title_html_tag": "h5",
                                "link_type": "button",
                                "link": {
                                    "url": "",
                                    "is_external": "",
                                    "nofollow": "",
                                    "custom_attributes": ""
                                },
                                "button_text": "+1 2222 333 444",
                                "align": "left",
                                "icon_color_normal": "#BA9E52",
                                "icon_margin": {
                                    "unit": "px",
                                    "top": "10",
                                    "right": "15",
                                    "bottom": "0",
                                    "left": "0",
                                    "isLinked": false
                                },
                                "title_color": "#101112",
                                "title_typography_typography": "custom",
                                "title_typography_line_height": {
                                    "unit": "em",
                                    "size": 1.4,
                                    "sizes": []
                                },
                                "title_margin": {
                                    "unit": "px",
                                    "size": 15,
                                    "sizes": []
                                },
                                "button_size": "xs",
                                "button_text_color_normal": "#FFFFFF",
                                "button_bg_color_normal": "#BA9E52",
                                "button_border_normal_border": "solid",
                                "button_border_normal_width": {
                                    "unit": "px",
                                    "top": "1",
                                    "right": "1",
                                    "bottom": "1",
                                    "left": "1",
                                    "isLinked": true
                                },
                                "button_border_normal_color": "rgba(255, 255, 255, 0.18)",
                                "button_typography_typography": "custom",
                                "button_typography_font_size": {
                                    "unit": "px",
                                    "size": 12,
                                    "sizes": []
                                },
                                "button_typography_font_weight": "400",
                                "button_typography_text_transform": "uppercase",
                                "button_typography_letter_spacing": {
                                    "unit": "px",
                                    "size": 2,
                                    "sizes": []
                                },
                                "button_padding": {
                                    "unit": "px",
                                    "top": "8",
                                    "right": "25",
                                    "bottom": "8",
                                    "left": "25",
                                    "isLinked": false
                                },
                                "button_text_color_hover": "#FFFFFF",
                                "button_bg_color_hover": "#101112",
                                "icon_color_hover": "#F0E7D5",
                                "_margin": {
                                    "unit": "px",
                                    "top": "0",
                                    "right": "0",
                                    "bottom": "20",
                                    "left": "0",
                                    "isLinked": false
                                },
                                "icon_size_mobile": {
                                    "unit": "px",
                                    "size": 18,
                                    "sizes": []
                                }
                            },
                            "elements": [],
                            "isInner": false,
                            "widgetType": "pp-info-box",
                            "elType": "widget"
                        },
                        {
                            "id": "706be101",
                            "settings": {
                                "selected_icon": {
                                    "value": "far fa-clock",
                                    "library": "fa-regular"
                                },
                                "icon_text": "1",
                                "icon_size": {
                                    "unit": "px",
                                    "size": 24,
                                    "sizes": []
                                },
                                "icon_position": "left",
                                "heading": "Hours of operation",
                                "sub_heading": "",
                                "description": "8:00 AM - 8:00 PM Eastern Time",
                                "title_html_tag": "h5",
                                "link": {
                                    "url": "",
                                    "is_external": "",
                                    "nofollow": "",
                                    "custom_attributes": ""
                                },
                                "button_text": "",
                                "align": "left",
                                "icon_color_normal": "#BA9E52",
                                "icon_margin": {
                                    "unit": "px",
                                    "top": "10",
                                    "right": "15",
                                    "bottom": "0",
                                    "left": "0",
                                    "isLinked": false
                                },
                                "title_color": "#101112",
                                "title_typography_typography": "custom",
                                "title_typography_line_height": {
                                    "unit": "em",
                                    "size": 1.4,
                                    "sizes": []
                                },
                                "title_margin": {
                                    "unit": "px",
                                    "size": 15,
                                    "sizes": []
                                },
                                "button_size": "xs",
                                "button_text_color_normal": "#FFFFFF",
                                "button_bg_color_normal": "#BA9E52",
                                "button_border_normal_border": "solid",
                                "button_border_normal_width": {
                                    "unit": "px",
                                    "top": "1",
                                    "right": "1",
                                    "bottom": "1",
                                    "left": "1",
                                    "isLinked": true
                                },
                                "button_border_normal_color": "rgba(255, 255, 255, 0.18)",
                                "button_typography_typography": "custom",
                                "button_typography_font_size": {
                                    "unit": "px",
                                    "size": 12,
                                    "sizes": []
                                },
                                "button_typography_font_weight": "400",
                                "button_typography_text_transform": "uppercase",
                                "button_typography_letter_spacing": {
                                    "unit": "px",
                                    "size": 2,
                                    "sizes": []
                                },
                                "button_padding": {
                                    "unit": "px",
                                    "top": "8",
                                    "right": "25",
                                    "bottom": "8",
                                    "left": "25",
                                    "isLinked": false
                                },
                                "button_text_color_hover": "#FFFFFF",
                                "button_bg_color_hover": "#101112",
                                "icon_color_hover": "#F0E7D5",
                                "description_color": "#656E78",
                                "_margin": {
                                    "unit": "px",
                                    "top": "0",
                                    "right": "0",
                                    "bottom": "15",
                                    "left": "0",
                                    "isLinked": false
                                },
                                "icon_size_mobile": {
                                    "unit": "px",
                                    "size": 18,
                                    "sizes": []
                                }
                            },
                            "elements": [],
                            "isInner": false,
                            "widgetType": "pp-info-box",
                            "elType": "widget"
                        },
                        {
                            "id": "5243dbe5",
                            "settings": {
                                "social_icon_list": [
                                    {
                                        "social_icon": {
                                            "value": "fab fa-flickr",
                                            "library": "fa-brands"
                                        },
                                        "link": {
                                            "url": "",
                                            "is_external": "true",
                                            "nofollow": "",
                                            "custom_attributes": ""
                                        },
                                        "item_icon_color": "default",
                                        "item_icon_primary_color": "",
                                        "item_icon_secondary_color": "",
                                        "_id": "0963ce4"
                                    },
                                    {
                                        "social_icon": {
                                            "value": "fab fa-instagram",
                                            "library": "fa-brands"
                                        },
                                        "link": {
                                            "url": "",
                                            "is_external": "true",
                                            "nofollow": "",
                                            "custom_attributes": ""
                                        },
                                        "item_icon_color": "default",
                                        "item_icon_primary_color": "",
                                        "item_icon_secondary_color": "",
                                        "_id": "0d946cc"
                                    },
                                    {
                                        "social_icon": {
                                            "value": "fab fa-pinterest",
                                            "library": "fa-brands"
                                        },
                                        "link": {
                                            "url": "",
                                            "is_external": "true",
                                            "nofollow": "",
                                            "custom_attributes": ""
                                        },
                                        "item_icon_color": "default",
                                        "item_icon_primary_color": "",
                                        "item_icon_secondary_color": "",
                                        "_id": "f74d5e5"
                                    },
                                    {
                                        "social_icon": {
                                            "value": "fab fa-facebook",
                                            "library": "fa-brands"
                                        },
                                        "_id": "e3df671",
                                        "link": {
                                            "url": "",
                                            "is_external": "true",
                                            "nofollow": "",
                                            "custom_attributes": ""
                                        },
                                        "item_icon_color": "default",
                                        "item_icon_primary_color": "",
                                        "item_icon_secondary_color": ""
                                    },
                                    {
                                        "social_icon": {
                                            "value": "fab fa-twitter",
                                            "library": "fa-brands"
                                        },
                                        "_id": "9a9d508",
                                        "link": {
                                            "url": "",
                                            "is_external": "true",
                                            "nofollow": "",
                                            "custom_attributes": ""
                                        },
                                        "item_icon_color": "default",
                                        "item_icon_primary_color": "",
                                        "item_icon_secondary_color": ""
                                    }
                                ],
                                "shape": "square",
                                "align": "left",
                                "icon_size": {
                                    "unit": "px",
                                    "size": 20,
                                    "sizes": []
                                },
                                "icon_spacing": {
                                    "unit": "px",
                                    "size": 10,
                                    "sizes": []
                                },
                                "hover_animation": "bob",
                                "icon_color": "custom",
                                "icon_primary_color": "#BA9E52",
                                "icon_size_mobile": {
                                    "unit": "px",
                                    "size": 16,
                                    "sizes": []
                                },
                                "hover_primary_color": "#101112",
                                "hover_secondary_color": "#F0E7D5"
                            },
                            "elements": [],
                            "isInner": false,
                            "widgetType": "social-icons",
                            "elType": "widget"
                        }
                    ],
                    "isInner": false,
                    "elType": "column"
                },
                {
                    "id": "692395ea",
                    "settings": {
                        "_column_size": 50,
                        "_inline_size": 60,
                        "background_background": "classic",
                        "background_color": "#FFFFFF",
                        "padding": {
                            "unit": "px",
                            "top": "50",
                            "right": "50",
                            "bottom": "50",
                            "left": "50",
                            "isLinked": true
                        },
                        "border_border": "solid",
                        "border_width": {
                            "unit": "px",
                            "top": "1",
                            "right": "1",
                            "bottom": "1",
                            "left": "1",
                            "isLinked": true
                        },
                        "border_color": "#F0E7D5",
                        "_inline_size_tablet": 100,
                        "padding_tablet": {
                            "unit": "px",
                            "top": "80",
                            "right": "40",
                            "bottom": "80",
                            "left": "40",
                            "isLinked": false
                        },
                        "padding_mobile": {
                            "unit": "px",
                            "top": "60",
                            "right": "20",
                            "bottom": "60",
                            "left": "20",
                            "isLinked": false
                        }
                    },
                    "elements": [
                        {
                            "id": "25d4dd0c",
                            "settings": {
                                "title": "Submit your queries?",
                                "title_color": "#101112",
                                "_margin": {
                                    "unit": "px",
                                    "top": "0",
                                    "right": "0",
                                    "bottom": "30",
                                    "left": "0",
                                    "isLinked": false
                                }
                            },
                            "elements": [],
                            "isInner": false,
                            "widgetType": "heading",
                            "elType": "widget"
                        },
                        {
                            "id": "57c43d5f",
                            "settings": {
                                "form_name": "Form Style",
                                "form_fields": [
                                    {
                                        "custom_id": "firstname",
                                        "field_type": "text",
                                        "field_label": "First Name",
                                        "placeholder": "e.g. Jon",
                                        "width": "50",
                                        "_id": "f005117",
                                        "required": "true",
                                        "field_options": "",
                                        "allow_multiple": "",
                                        "select_size": "",
                                        "inline_list": "",
                                        "field_html": "",
                                        "width_tablet": "",
                                        "width_mobile": "",
                                        "rows": 4,
                                        "recaptcha_size": "normal",
                                        "recaptcha_style": "light",
                                        "recaptcha_badge": "bottomright",
                                        "css_classes": "",
                                        "field_value": ""
                                    },
                                    {
                                        "custom_id": "lastname",
                                        "field_type": "text",
                                        "field_label": "Last Name",
                                        "placeholder": "e.g. Doe",
                                        "width": "50",
                                        "required": "true",
                                        "field_options": "",
                                        "allow_multiple": "",
                                        "select_size": "",
                                        "inline_list": "",
                                        "field_html": "",
                                        "width_tablet": "",
                                        "width_mobile": "",
                                        "rows": 4,
                                        "recaptcha_size": "normal",
                                        "recaptcha_style": "light",
                                        "recaptcha_badge": "bottomright",
                                        "css_classes": "",
                                        "field_value": "",
                                        "_id": "50e7cc2"
                                    },
                                    {
                                        "custom_id": "emailaddress",
                                        "field_type": "email",
                                        "required": "true",
                                        "field_label": "Email Address",
                                        "placeholder": "e.g. hello@example.com",
                                        "width": "50",
                                        "_id": "11cd68a",
                                        "field_options": "",
                                        "allow_multiple": "",
                                        "select_size": "",
                                        "inline_list": "",
                                        "field_html": "",
                                        "width_tablet": "",
                                        "width_mobile": "",
                                        "rows": 4,
                                        "recaptcha_size": "normal",
                                        "recaptcha_style": "light",
                                        "recaptcha_badge": "bottomright",
                                        "css_classes": "",
                                        "field_value": ""
                                    },
                                    {
                                        "field_type": "tel",
                                        "field_label": "Telephone",
                                        "placeholder": "e.g. +101610345677",
                                        "required": "true",
                                        "field_options": "",
                                        "allow_multiple": "",
                                        "select_size": "",
                                        "inline_list": "",
                                        "field_html": "",
                                        "width": "50",
                                        "width_tablet": "",
                                        "width_mobile": "",
                                        "rows": 4,
                                        "recaptcha_size": "normal",
                                        "recaptcha_style": "light",
                                        "recaptcha_badge": "bottomright",
                                        "css_classes": "",
                                        "field_value": "",
                                        "custom_id": "telephone",
                                        "_id": "43bbb92"
                                    },
                                    {
                                        "field_type": "select",
                                        "field_label": "Required Service",
                                        "placeholder": "",
                                        "required": "true",
                                        "field_options": "Portrait Photography\nWedding Photography\nCorporate Photography\nHeadshot Photography",
                                        "allow_multiple": "",
                                        "select_size": "",
                                        "inline_list": "",
                                        "field_html": "",
                                        "width": "50",
                                        "width_tablet": "",
                                        "width_mobile": "",
                                        "rows": 4,
                                        "recaptcha_size": "normal",
                                        "recaptcha_style": "light",
                                        "recaptcha_badge": "bottomright",
                                        "css_classes": "",
                                        "field_value": "",
                                        "custom_id": "reqservice",
                                        "_id": "f5726cd"
                                    },
                                    {
                                        "field_type": "date",
                                        "field_label": "Event Date",
                                        "placeholder": "2020-04-25",
                                        "required": "true",
                                        "field_options": "",
                                        "allow_multiple": "",
                                        "select_size": "",
                                        "inline_list": "",
                                        "field_html": "",
                                        "width": "50",
                                        "width_tablet": "",
                                        "width_mobile": "",
                                        "rows": 4,
                                        "recaptcha_size": "normal",
                                        "recaptcha_style": "light",
                                        "recaptcha_badge": "bottomright",
                                        "css_classes": "",
                                        "field_value": "",
                                        "custom_id": "eventdate",
                                        "_id": "adf8981",
                                        "use_native_date": "",
                                        "__dynamic__": []
                                    },
                                    {
                                        "field_type": "text",
                                        "field_label": "Event Location",
                                        "placeholder": "e.g. New York",
                                        "required": "true",
                                        "field_options": "",
                                        "allow_multiple": "",
                                        "select_size": "",
                                        "inline_list": "",
                                        "field_html": "",
                                        "width": "50",
                                        "width_tablet": "",
                                        "width_mobile": "",
                                        "rows": 4,
                                        "recaptcha_size": "normal",
                                        "recaptcha_style": "light",
                                        "recaptcha_badge": "bottomright",
                                        "css_classes": "",
                                        "field_value": "",
                                        "custom_id": "eventlocation",
                                        "_id": "6ce3f1f"
                                    },
                                    {
                                        "field_type": "select",
                                        "field_label": "Estimated Budget",
                                        "placeholder": "",
                                        "required": "true",
                                        "field_options": "We're still working on that!\nUnder $1000\n$1001 to $3000\n$3001 to $5000\n$5001 to $8000\n$8001 to $10000\n$10000+",
                                        "allow_multiple": "",
                                        "select_size": "",
                                        "inline_list": "",
                                        "field_html": "",
                                        "width": "50",
                                        "width_tablet": "",
                                        "width_mobile": "",
                                        "rows": 4,
                                        "recaptcha_size": "normal",
                                        "recaptcha_style": "light",
                                        "recaptcha_badge": "bottomright",
                                        "css_classes": "",
                                        "field_value": "",
                                        "custom_id": "budget",
                                        "_id": "fbf37c4"
                                    },
                                    {
                                        "custom_id": "message",
                                        "field_type": "textarea",
                                        "field_label": "Message",
                                        "placeholder": "Message",
                                        "width": "100",
                                        "_id": "b110c6a",
                                        "required": "true",
                                        "field_options": "",
                                        "allow_multiple": "",
                                        "select_size": "",
                                        "inline_list": "",
                                        "field_html": "",
                                        "width_tablet": "",
                                        "width_mobile": "",
                                        "rows": 6,
                                        "recaptcha_size": "normal",
                                        "recaptcha_style": "light",
                                        "recaptcha_badge": "bottomright",
                                        "css_classes": "",
                                        "field_value": ""
                                    },
                                    {
                                        "field_type": "acceptance",
                                        "field_label": "",
                                        "placeholder": "",
                                        "required": "true",
                                        "acceptance_text": "By submitting this form, you are accepting our \"Terms & Conditions\".",
                                        "field_options": "",
                                        "allow_multiple": "",
                                        "select_size": "",
                                        "inline_list": "",
                                        "field_html": "Donec ullamcorper nulla non metus auctor fringilla. Donec sed odio dui. Cum sociis natoque penatibus et magnis dis parturient montes, nascetur ridiculus mus.",
                                        "width": "100",
                                        "width_tablet": "",
                                        "width_mobile": "",
                                        "rows": 4,
                                        "recaptcha_size": "normal",
                                        "recaptcha_style": "light",
                                        "recaptcha_badge": "bottomright",
                                        "css_classes": "",
                                        "field_value": "",
                                        "custom_id": "field_fced003",
                                        "_id": "fced003"
                                    }
                                ],
                                "button_text": "Submit",
                                "email_content": "[all-fields]",
                                "email_content_2": "[all-fields]",
                                "success_message": "The form was sent successfully.",
                                "error_message": "An error occured.",
                                "required_field_message": "This field is required.",
                                "invalid_message": "There's something wrong. The form is invalid.",
                                "eg_tooltip_description": "This is tooltip",
                                "mark_required": "yes",
                                "column_gap": {
                                    "unit": "px",
                                    "size": 15,
                                    "sizes": []
                                },
                                "row_gap": {
                                    "unit": "px",
                                    "size": 25,
                                    "sizes": []
                                },
                                "label_spacing": {
                                    "unit": "px",
                                    "size": 10,
                                    "sizes": []
                                },
                                "mark_required_color": "#C96E37",
                                "field_background_color": "#FCFAF6",
                                "field_border_color": "#F0E7D5"
                            },
                            "elements": [],
                            "isInner": false,
                            "widgetType": "form",
                            "elType": "widget"
                        }
                    ],
                    "isInner": false,
                    "elType": "column"
                }
            ],
            "isInner": false,
            "elType": "section"
        }
    ],
    "page_settings": {
        "hide_title": "yes",
        "content_wrapper_html_tag": "section",
        "template": "elementor_header_footer"
    }
}