{
    "version": "0.4",
    "title": "Footer",
    "type": "footer",
    "metadata": {
        "template_type": "section-footer",
        "include_in_zip": "1",
        "elementor_pro_required": "1",
        "elementor_library_type": "footer",
        "elementor_pro_conditions": [
            "include\/general"
        ],
        "additional_template_information": [
            "This is a \"Footer\" template for Elementor Pro.",
            "This template will display on: Entire Site."
        ],
        "wp_page_template": "default"
    },
    "content": [
        {
            "id": "2f45b037",
            "settings": {
                "gap": "wide",
                "structure": "40",
                "background_background": "classic",
                "background_color": "#101112",
                "margin": {
                    "unit": "px",
                    "top": "0",
                    "right": 0,
                    "bottom": "0",
                    "left": 0,
                    "isLinked": false
                },
                "padding": {
                    "unit": "px",
                    "top": "80",
                    "right": "0",
                    "bottom": "80",
                    "left": "0",
                    "isLinked": false
                },
                "padding_tablet": {
                    "unit": "px",
                    "top": "60",
                    "right": "40",
                    "bottom": "60",
                    "left": "40",
                    "isLinked": false
                },
                "padding_mobile": {
                    "unit": "px",
                    "top": "60",
                    "right": "30",
                    "bottom": "60",
                    "left": "30",
                    "isLinked": false
                }
            },
            "elements": [
                {
                    "id": "3a0959b5",
                    "settings": {
                        "_column_size": 25,
                        "_inline_size": null,
                        "_inline_size_tablet": 50
                    },
                    "elements": [
                        {
                            "id": "4ffab0fa",
                            "settings": {
                                "image": {
                                    "url": "https:\/\/www.memoreel.hocud.com\/wp-content\/uploads\/Memoreel-White.png",
                                    "id": 1067
                                },
                                "image_size": "full",
                                "align": "left",
                                "_margin": {
                                    "unit": "px",
                                    "top": "0",
                                    "right": "0",
                                    "bottom": "0",
                                    "left": "0",
                                    "isLinked": false
                                }
                            },
                            "elements": [],
                            "isInner": false,
                            "widgetType": "image",
                            "elType": "widget"
                        },
                        {
                            "id": "6632f9d1",
                            "settings": {
                                "title": "Praesent commodo cursus magna, vel scelerisque nisl consectetur et.",
                                "header_size": "p",
                                "align": "left",
                                "title_color": "rgba(255, 255, 255, 0.8)",
                                "typography_typography": "custom",
                                "typography_font_size": {
                                    "unit": "px",
                                    "size": 14,
                                    "sizes": []
                                },
                                "typography_line_height": {
                                    "unit": "em",
                                    "size": 1.6,
                                    "sizes": []
                                },
                                "_margin": {
                                    "unit": "px",
                                    "top": "0",
                                    "right": "0",
                                    "bottom": "10",
                                    "left": "0",
                                    "isLinked": false
                                }
                            },
                            "elements": [],
                            "isInner": false,
                            "widgetType": "heading",
                            "elType": "widget"
                        },
                        {
                            "id": "38386051",
                            "settings": {
                                "social_icon_list": [
                                    {
                                        "social_icon": {
                                            "value": "fab fa-flickr",
                                            "library": "fa-brands"
                                        },
                                        "link": {
                                            "url": "",
                                            "is_external": "true",
                                            "nofollow": "",
                                            "custom_attributes": ""
                                        },
                                        "item_icon_color": "default",
                                        "item_icon_primary_color": "",
                                        "item_icon_secondary_color": "",
                                        "_id": "0963ce4"
                                    },
                                    {
                                        "social_icon": {
                                            "value": "fab fa-500px",
                                            "library": "fa-brands"
                                        },
                                        "link": {
                                            "url": "",
                                            "is_external": "true",
                                            "nofollow": "",
                                            "custom_attributes": ""
                                        },
                                        "item_icon_color": "default",
                                        "item_icon_primary_color": "",
                                        "item_icon_secondary_color": "",
                                        "_id": "c84f8ad"
                                    },
                                    {
                                        "social_icon": {
                                            "value": "fab fa-instagram",
                                            "library": "fa-brands"
                                        },
                                        "link": {
                                            "url": "",
                                            "is_external": "true",
                                            "nofollow": "",
                                            "custom_attributes": ""
                                        },
                                        "item_icon_color": "default",
                                        "item_icon_primary_color": "",
                                        "item_icon_secondary_color": "",
                                        "_id": "0d946cc"
                                    },
                                    {
                                        "social_icon": {
                                            "value": "fab fa-pinterest",
                                            "library": "fa-brands"
                                        },
                                        "link": {
                                            "url": "",
                                            "is_external": "true",
                                            "nofollow": "",
                                            "custom_attributes": ""
                                        },
                                        "item_icon_color": "default",
                                        "item_icon_primary_color": "",
                                        "item_icon_secondary_color": "",
                                        "_id": "f74d5e5"
                                    },
                                    {
                                        "social_icon": {
                                            "value": "fab fa-facebook",
                                            "library": "fa-brands"
                                        },
                                        "_id": "e3df671",
                                        "link": {
                                            "url": "",
                                            "is_external": "true",
                                            "nofollow": "",
                                            "custom_attributes": ""
                                        },
                                        "item_icon_color": "default",
                                        "item_icon_primary_color": "",
                                        "item_icon_secondary_color": ""
                                    },
                                    {
                                        "social_icon": {
                                            "value": "fab fa-twitter",
                                            "library": "fa-brands"
                                        },
                                        "_id": "9a9d508",
                                        "link": {
                                            "url": "",
                                            "is_external": "true",
                                            "nofollow": "",
                                            "custom_attributes": ""
                                        },
                                        "item_icon_color": "default",
                                        "item_icon_primary_color": "",
                                        "item_icon_secondary_color": ""
                                    },
                                    {
                                        "social_icon": {
                                            "value": "fab fa-youtube",
                                            "library": "fa-brands"
                                        },
                                        "link": {
                                            "url": "",
                                            "is_external": "true",
                                            "nofollow": "",
                                            "custom_attributes": ""
                                        },
                                        "item_icon_color": "default",
                                        "item_icon_primary_color": "",
                                        "item_icon_secondary_color": "",
                                        "_id": "623a072"
                                    }
                                ],
                                "shape": "square",
                                "align": "left",
                                "icon_size": {
                                    "unit": "px",
                                    "size": 14,
                                    "sizes": []
                                },
                                "icon_spacing": {
                                    "unit": "px",
                                    "size": 5,
                                    "sizes": []
                                },
                                "hover_animation": "bob",
                                "icon_color": "custom",
                                "icon_primary_color": "#BA9E52",
                                "icon_size_mobile": {
                                    "unit": "px",
                                    "size": 12,
                                    "sizes": []
                                },
                                "hover_primary_color": "#FCFAF6",
                                "hover_secondary_color": "#BA9E52",
                                "icon_spacing_mobile": {
                                    "unit": "px",
                                    "size": 6,
                                    "sizes": []
                                }
                            },
                            "elements": [],
                            "isInner": false,
                            "widgetType": "social-icons",
                            "elType": "widget"
                        },
                        {
                            "id": "2a6cb47b",
                            "settings": {
                                "title": "Copyright 2020. Memoreel.",
                                "header_size": "p",
                                "align": "left",
                                "title_color": "rgba(255, 255, 255, 0.8)",
                                "typography_typography": "custom",
                                "typography_font_size": {
                                    "unit": "px",
                                    "size": 14,
                                    "sizes": []
                                },
                                "typography_line_height": {
                                    "unit": "em",
                                    "size": 1.6,
                                    "sizes": []
                                }
                            },
                            "elements": [],
                            "isInner": false,
                            "widgetType": "heading",
                            "elType": "widget"
                        }
                    ],
                    "isInner": false,
                    "elType": "column"
                },
                {
                    "id": "46e1f39d",
                    "settings": {
                        "_column_size": 25,
                        "_inline_size": null,
                        "_inline_size_tablet": 50
                    },
                    "elements": [
                        {
                            "id": "b1ca916",
                            "settings": {
                                "title": "Our Services",
                                "header_size": "h5",
                                "title_color": "#F0E7D5"
                            },
                            "elements": [],
                            "isInner": false,
                            "widgetType": "heading",
                            "elType": "widget"
                        },
                        {
                            "id": "6764a2da",
                            "settings": {
                                "style": "dashed",
                                "align": "center",
                                "text": "Divider",
                                "color": "rgba(240, 231, 213, 0.47)",
                                "gap": {
                                    "unit": "px",
                                    "size": 4,
                                    "sizes": []
                                },
                                "eg_tooltip_description": "This is tooltip"
                            },
                            "elements": [],
                            "isInner": false,
                            "widgetType": "divider",
                            "elType": "widget"
                        },
                        {
                            "id": "5583120b",
                            "settings": {
                                "icon_list": [
                                    {
                                        "text": "Portrait Photography",
                                        "selected_icon": {
                                            "value": "fas fa-chevron-right",
                                            "library": "fa-solid"
                                        },
                                        "_id": "94905fb",
                                        "link": {
                                            "url": "#",
                                            "is_external": "",
                                            "nofollow": "",
                                            "custom_attributes": ""
                                        }
                                    },
                                    {
                                        "text": "Wedding Photography",
                                        "selected_icon": {
                                            "value": "fas fa-chevron-right",
                                            "library": "fa-solid"
                                        },
                                        "link": {
                                            "url": "#",
                                            "is_external": "",
                                            "nofollow": "",
                                            "custom_attributes": ""
                                        },
                                        "_id": "82e9f23"
                                    },
                                    {
                                        "text": "Corporate Photography",
                                        "selected_icon": {
                                            "value": "fas fa-chevron-right",
                                            "library": "fa-solid"
                                        },
                                        "link": {
                                            "url": "#",
                                            "is_external": "",
                                            "nofollow": "",
                                            "custom_attributes": ""
                                        },
                                        "_id": "329a283"
                                    },
                                    {
                                        "text": "Headshots Photography",
                                        "selected_icon": {
                                            "value": "fas fa-chevron-right",
                                            "library": "fa-solid"
                                        },
                                        "link": {
                                            "url": "#",
                                            "is_external": "",
                                            "nofollow": "",
                                            "custom_attributes": ""
                                        },
                                        "_id": "61863ef"
                                    }
                                ],
                                "space_between": {
                                    "unit": "px",
                                    "size": 15,
                                    "sizes": []
                                },
                                "icon_color": "#BA9E52",
                                "icon_color_hover": "#F0E7D5",
                                "text_color": "rgba(255, 255, 255, 0.8)",
                                "text_color_hover": "#F0E7D5",
                                "icon_typography_typography": "custom",
                                "icon_typography_font_size": {
                                    "unit": "px",
                                    "size": 14,
                                    "sizes": []
                                },
                                "icon_typography_line_height": {
                                    "unit": "em",
                                    "size": 1.6,
                                    "sizes": []
                                },
                                "icon_typography_letter_spacing": {
                                    "unit": "px",
                                    "size": 0,
                                    "sizes": []
                                }
                            },
                            "elements": [],
                            "isInner": false,
                            "widgetType": "icon-list",
                            "elType": "widget"
                        }
                    ],
                    "isInner": false,
                    "elType": "column"
                },
                {
                    "id": "4f5c3eb1",
                    "settings": {
                        "_column_size": 25,
                        "_inline_size": null,
                        "_inline_size_tablet": 50
                    },
                    "elements": [
                        {
                            "id": "635fb096",
                            "settings": {
                                "title": "Information",
                                "header_size": "h5",
                                "title_color": "#F0E7D5"
                            },
                            "elements": [],
                            "isInner": false,
                            "widgetType": "heading",
                            "elType": "widget"
                        },
                        {
                            "id": "11b72da8",
                            "settings": {
                                "style": "dashed",
                                "align": "center",
                                "text": "Divider",
                                "color": "rgba(240, 231, 213, 0.47)",
                                "gap": {
                                    "unit": "px",
                                    "size": 4,
                                    "sizes": []
                                },
                                "eg_tooltip_description": "This is tooltip"
                            },
                            "elements": [],
                            "isInner": false,
                            "widgetType": "divider",
                            "elType": "widget"
                        },
                        {
                            "id": "1bacdff1",
                            "settings": {
                                "icon_list": [
                                    {
                                        "text": "Privacy Policy",
                                        "selected_icon": {
                                            "value": "fas fa-chevron-right",
                                            "library": "fa-solid"
                                        },
                                        "_id": "94905fb",
                                        "link": {
                                            "url": "#",
                                            "is_external": "",
                                            "nofollow": "",
                                            "custom_attributes": ""
                                        }
                                    },
                                    {
                                        "text": "Terms & Conditions",
                                        "selected_icon": {
                                            "value": "fas fa-chevron-right",
                                            "library": "fa-solid"
                                        },
                                        "link": {
                                            "url": "#",
                                            "is_external": "",
                                            "nofollow": "",
                                            "custom_attributes": ""
                                        },
                                        "_id": "82e9f23"
                                    },
                                    {
                                        "text": "Press Release",
                                        "selected_icon": {
                                            "value": "fas fa-chevron-right",
                                            "library": "fa-solid"
                                        },
                                        "link": {
                                            "url": "#",
                                            "is_external": "",
                                            "nofollow": "",
                                            "custom_attributes": ""
                                        },
                                        "_id": "329a283"
                                    },
                                    {
                                        "text": "Branding Guideline",
                                        "selected_icon": {
                                            "value": "fas fa-chevron-right",
                                            "library": "fa-solid"
                                        },
                                        "link": {
                                            "url": "#",
                                            "is_external": "",
                                            "nofollow": "",
                                            "custom_attributes": ""
                                        },
                                        "_id": "61863ef"
                                    }
                                ],
                                "space_between": {
                                    "unit": "px",
                                    "size": 15,
                                    "sizes": []
                                },
                                "icon_color": "#BA9E52",
                                "icon_color_hover": "#F0E7D5",
                                "text_color": "rgba(255, 255, 255, 0.8)",
                                "text_color_hover": "#F0E7D5",
                                "icon_typography_typography": "custom",
                                "icon_typography_font_size": {
                                    "unit": "px",
                                    "size": 14,
                                    "sizes": []
                                },
                                "icon_typography_line_height": {
                                    "unit": "em",
                                    "size": 1.6,
                                    "sizes": []
                                },
                                "icon_typography_letter_spacing": {
                                    "unit": "px",
                                    "size": 0,
                                    "sizes": []
                                }
                            },
                            "elements": [],
                            "isInner": false,
                            "widgetType": "icon-list",
                            "elType": "widget"
                        }
                    ],
                    "isInner": false,
                    "elType": "column"
                },
                {
                    "id": "3c7d5312",
                    "settings": {
                        "_column_size": 25,
                        "_inline_size": null,
                        "_inline_size_tablet": 50
                    },
                    "elements": [
                        {
                            "id": "379efe37",
                            "settings": {
                                "title": "Contact Information",
                                "header_size": "h5",
                                "title_color": "#F0E7D5",
                                "_margin": {
                                    "unit": "px",
                                    "top": "0",
                                    "right": "0",
                                    "bottom": "0",
                                    "left": "0",
                                    "isLinked": false
                                }
                            },
                            "elements": [],
                            "isInner": false,
                            "widgetType": "heading",
                            "elType": "widget"
                        },
                        {
                            "id": "2a969853",
                            "settings": {
                                "style": "dashed",
                                "align": "center",
                                "text": "Divider",
                                "color": "rgba(240, 231, 213, 0.47)",
                                "gap": {
                                    "unit": "px",
                                    "size": 4,
                                    "sizes": []
                                },
                                "eg_tooltip_description": "This is tooltip"
                            },
                            "elements": [],
                            "isInner": false,
                            "widgetType": "divider",
                            "elType": "widget"
                        },
                        {
                            "id": "1363e94f",
                            "settings": {
                                "icon_list": [
                                    {
                                        "text": "+1 2345 234 780",
                                        "selected_icon": {
                                            "value": "fas fa-phone",
                                            "library": "fa-solid"
                                        },
                                        "_id": "33fb2c0",
                                        "link": {
                                            "url": "",
                                            "is_external": "",
                                            "nofollow": "",
                                            "custom_attributes": ""
                                        },
                                        "__dynamic__": []
                                    },
                                    {
                                        "text": "hello@hocud.com",
                                        "selected_icon": {
                                            "value": "fas fa-envelope-open",
                                            "library": "fa-solid"
                                        },
                                        "link": {
                                            "url": "",
                                            "is_external": "",
                                            "nofollow": "",
                                            "custom_attributes": ""
                                        },
                                        "__dynamic__": [],
                                        "_id": "06e99dd"
                                    },
                                    {
                                        "text": "View Pricing",
                                        "selected_icon": {
                                            "value": "fas fa-tags",
                                            "library": "fa-solid"
                                        },
                                        "link": {
                                            "url": "#",
                                            "is_external": "",
                                            "nofollow": "",
                                            "custom_attributes": ""
                                        },
                                        "__dynamic__": [],
                                        "_id": "a7b839b"
                                    },
                                    {
                                        "text": "Contact Us",
                                        "selected_icon": {
                                            "value": "fab fa-wpforms",
                                            "library": "fa-brands"
                                        },
                                        "link": {
                                            "url": "#",
                                            "is_external": "",
                                            "nofollow": "",
                                            "custom_attributes": ""
                                        },
                                        "__dynamic__": [],
                                        "_id": "1a81f04"
                                    }
                                ],
                                "space_between": {
                                    "unit": "px",
                                    "size": 15,
                                    "sizes": []
                                },
                                "icon_color": "#BA9E52",
                                "icon_color_hover": "#F0E7D5",
                                "text_color": "rgba(255, 255, 255, 0.8)",
                                "text_color_hover": "#F0E7D5",
                                "icon_typography_typography": "custom",
                                "icon_typography_font_size": {
                                    "unit": "px",
                                    "size": 14,
                                    "sizes": []
                                },
                                "icon_typography_letter_spacing": {
                                    "unit": "px",
                                    "size": 0,
                                    "sizes": []
                                },
                                "eg_tooltip_description": "This is tooltip",
                                "icon_typography_line_height": {
                                    "unit": "em",
                                    "size": 1.6,
                                    "sizes": []
                                }
                            },
                            "elements": [],
                            "isInner": false,
                            "widgetType": "icon-list",
                            "elType": "widget"
                        }
                    ],
                    "isInner": false,
                    "elType": "column"
                }
            ],
            "isInner": false,
            "elType": "section"
        }
    ],
    "page_settings": {
        "content_wrapper_html_tag": "footer",
        "hide_title": "yes"
    }
}