{
    "version": "0.4",
    "title": "Default Kit",
    "type": "section",
    "metadata": {
        "template_type": "global-styles",
        "include_in_zip": "1",
        "elementor_pro_required": "1",
        "additional_template_information": [
            "These are the global theme styles configured through the Elementor Theme Styles area."
        ],
        "wp_page_template": "default"
    },
    "content": [],
    "page_settings": {
        "body_background_background": "classic",
        "body_background_color": "#FFFFFF",
        "body_color": "#656E78",
        "body_typography_typography": "custom",
        "body_typography_font_family": "Heebo",
        "body_typography_font_size": {
            "unit": "px",
            "size": "16",
            "sizes": []
        },
        "body_typography_font_weight": "300",
        "body_typography_line_height": {
            "unit": "em",
            "size": "1.7",
            "sizes": []
        },
        "body_typography_letter_spacing": {
            "unit": "px",
            "size": "0",
            "sizes": []
        },
        "paragraph_spacing": {
            "unit": "em",
            "size": "1.4",
            "sizes": []
        },
        "h1_color": "#101112",
        "h1_typography_typography": "custom",
        "h1_typography_font_family": "Playfair Display",
        "h1_typography_font_size": {
            "unit": "px",
            "size": "48",
            "sizes": []
        },
        "h1_typography_font_weight": "400",
        "h1_typography_line_height": {
            "unit": "em",
            "size": "1.4",
            "sizes": []
        },
        "link_normal_color": "#BA9E52",
        "link_hover_color": "#101112",
        "h1_typography_text_transform": "none",
        "h1_typography_font_style": "normal",
        "h1_typography_text_decoration": "none",
        "h1_typography_letter_spacing": {
            "unit": "px",
            "size": "0",
            "sizes": []
        },
        "h2_color": "#101112",
        "h2_typography_typography": "custom",
        "h2_typography_font_family": "Playfair Display",
        "h2_typography_font_size": {
            "unit": "px",
            "size": "32",
            "sizes": []
        },
        "h2_typography_font_weight": "400",
        "h2_typography_text_transform": "none",
        "h2_typography_font_style": "normal",
        "h2_typography_text_decoration": "none",
        "h2_typography_line_height": {
            "unit": "em",
            "size": "1.4",
            "sizes": []
        },
        "h2_typography_letter_spacing": {
            "unit": "px",
            "size": "0",
            "sizes": []
        },
        "h3_color": "#101112",
        "h3_typography_typography": "custom",
        "h3_typography_font_family": "Playfair Display",
        "h3_typography_font_size": {
            "unit": "px",
            "size": "24",
            "sizes": []
        },
        "h3_typography_font_weight": "400",
        "h3_typography_text_transform": "none",
        "h3_typography_font_style": "normal",
        "h3_typography_text_decoration": "none",
        "h3_typography_line_height": {
            "unit": "em",
            "size": "1.4",
            "sizes": []
        },
        "h3_typography_letter_spacing": {
            "unit": "px",
            "size": "0",
            "sizes": []
        },
        "h4_color": "#101112",
        "h4_typography_typography": "custom",
        "h4_typography_font_family": "Playfair Display",
        "h4_typography_font_size": {
            "unit": "px",
            "size": "20",
            "sizes": []
        },
        "h4_typography_font_weight": "400",
        "h4_typography_text_transform": "none",
        "h4_typography_font_style": "normal",
        "h4_typography_text_decoration": "none",
        "h4_typography_line_height": {
            "unit": "em",
            "size": "1.4",
            "sizes": []
        },
        "h4_typography_letter_spacing": {
            "unit": "px",
            "size": "0",
            "sizes": []
        },
        "h5_color": "#101112",
        "h5_typography_typography": "custom",
        "h5_typography_font_family": "Playfair Display",
        "h5_typography_font_size": {
            "unit": "px",
            "size": "18",
            "sizes": []
        },
        "h5_typography_font_weight": "400",
        "h5_typography_text_transform": "none",
        "h5_typography_font_style": "normal",
        "h5_typography_text_decoration": "none",
        "h5_typography_line_height": {
            "unit": "em",
            "size": "1.4",
            "sizes": []
        },
        "h5_typography_letter_spacing": {
            "unit": "px",
            "size": "0",
            "sizes": []
        },
        "h6_color": "#101112",
        "h6_typography_typography": "custom",
        "h6_typography_font_family": "Playfair Display",
        "h6_typography_font_size": {
            "unit": "px",
            "size": "16",
            "sizes": []
        },
        "h6_typography_font_weight": "400",
        "h6_typography_text_transform": "none",
        "h6_typography_font_style": "normal",
        "h6_typography_text_decoration": "none",
        "h6_typography_line_height": {
            "unit": "em",
            "size": "1.4",
            "sizes": []
        },
        "h6_typography_letter_spacing": {
            "unit": "px",
            "size": "0",
            "sizes": []
        },
        "button_typography_typography": "custom",
        "button_typography_font_family": "Heebo",
        "button_typography_font_size": {
            "unit": "px",
            "size": "13",
            "sizes": []
        },
        "button_typography_font_weight": "500",
        "button_typography_text_transform": "uppercase",
        "button_typography_line_height": {
            "unit": "em",
            "size": "1.2",
            "sizes": []
        },
        "button_typography_letter_spacing": {
            "unit": "px",
            "size": "1",
            "sizes": []
        },
        "button_text_color": "#FFFFFF",
        "button_background_color": "#BA9E52",
        "button_border_radius": {
            "unit": "px",
            "top": "0",
            "right": "0",
            "bottom": "0",
            "left": "0",
            "isLinked": ""
        },
        "button_padding": {
            "unit": "px",
            "top": "12",
            "right": "24",
            "bottom": "12",
            "left": "24",
            "isLinked": ""
        },
        "button_hover_text_color": "#FFFFFF",
        "button_hover_background_color": "#101112",
        "form_label_color": "#101112",
        "form_label_typography_typography": "custom",
        "form_label_typography_font_family": "Playfair Display",
        "form_label_typography_font_size": {
            "unit": "px",
            "size": "15",
            "sizes": []
        },
        "form_label_typography_font_weight": "400",
        "form_label_typography_line_height": {
            "unit": "em",
            "size": "1.4",
            "sizes": []
        },
        "form_field_typography_typography": "custom",
        "form_field_typography_font_weight": "300",
        "form_field_text_color": "#76808B",
        "form_field_border_border": "solid",
        "form_field_border_width": {
            "unit": "px",
            "top": "1",
            "right": "1",
            "bottom": "1",
            "left": "1",
            "isLinked": "1"
        },
        "form_field_border_color": "#B7C7DA",
        "form_field_border_radius": {
            "unit": "px",
            "top": "0",
            "right": "0",
            "bottom": "0",
            "left": "0",
            "isLinked": ""
        },
        "form_field_padding": {
            "unit": "px",
            "top": "10",
            "right": "10",
            "bottom": "10",
            "left": "10",
            "isLinked": "1"
        },
        "h1_typography_font_size_mobile": {
            "unit": "px",
            "size": "34",
            "sizes": []
        },
        "h2_typography_font_size_mobile": {
            "unit": "px",
            "size": "26",
            "sizes": []
        },
        "h3_typography_font_size_mobile": {
            "unit": "px",
            "size": "22",
            "sizes": []
        },
        "h4_typography_font_size_mobile": {
            "unit": "px",
            "size": "19",
            "sizes": []
        },
        "h5_typography_font_size_mobile": {
            "unit": "px",
            "size": "17",
            "sizes": []
        },
        "h6_typography_font_size_mobile": {
            "unit": "px",
            "size": "15",
            "sizes": []
        },
        "button_border_border": "solid",
        "button_border_width": {
            "unit": "px",
            "top": "1",
            "right": "1",
            "bottom": "1",
            "left": "1",
            "isLinked": "1"
        },
        "button_border_color": "rgba(186, 158, 82, 0)",
        "button_padding_mobile": {
            "unit": "px",
            "top": "8",
            "right": "16",
            "bottom": "8",
            "left": "16",
            "isLinked": ""
        }
    }
}