{
    "version": "0.4",
    "title": "Header",
    "type": "header",
    "metadata": {
        "template_type": "section-header",
        "include_in_zip": "1",
        "elementor_pro_required": "1",
        "elementor_library_type": "header",
        "elementor_pro_conditions": [
            "include\/general"
        ],
        "additional_template_information": [
            "This is a \"Header\" template for Elementor Pro.",
            "This template will display on: Entire Site."
        ],
        "wp_page_template": "default"
    },
    "content": [
        {
            "id": "3055f676",
            "settings": {
                "height": "min-height",
                "custom_height": {
                    "unit": "px",
                    "size": "",
                    "sizes": []
                },
                "content_position": "middle",
                "structure": "34",
                "padding": {
                    "unit": "px",
                    "top": "15",
                    "right": "0",
                    "bottom": "15",
                    "left": "0",
                    "isLinked": false
                },
                "z_index": 99,
                "background_background": "classic",
                "background_color": "#FFFFFF",
                "html_tag": "header",
                "margin_mobile": {
                    "unit": "px",
                    "top": "0",
                    "right": 0,
                    "bottom": "0",
                    "left": 0,
                    "isLinked": false
                },
                "padding_mobile": {
                    "unit": "px",
                    "top": "5",
                    "right": "0",
                    "bottom": "5",
                    "left": "0",
                    "isLinked": false
                }
            },
            "elements": [
                {
                    "id": "4bbd2a44",
                    "settings": {
                        "_column_size": 16,
                        "_inline_size": null,
                        "_inline_size_tablet": 40,
                        "_inline_size_mobile": 40
                    },
                    "elements": [
                        {
                            "id": "6edea596",
                            "settings": {
                                "__dynamic__": {
                                    "image": "[elementor-tag id=\"\" name=\"site-logo\" settings=\"%7B%7D\"]",
                                    "link": "[elementor-tag id=\"\" name=\"site-url\" settings=\"%7B%7D\"]"
                                },
                                "align": "left",
                                "eg_tooltip_description": "This is tooltip",
                                "opacity_hover": {
                                    "unit": "px",
                                    "size": 0.48,
                                    "sizes": []
                                },
                                "background_hover_transition": {
                                    "unit": "px",
                                    "size": 0.6,
                                    "sizes": []
                                },
                                "align_mobile": "center"
                            },
                            "elements": [],
                            "isInner": false,
                            "widgetType": "theme-site-logo",
                            "elType": "widget"
                        }
                    ],
                    "isInner": false,
                    "elType": "column"
                },
                {
                    "id": "7e6f113b",
                    "settings": {
                        "_column_size": 66,
                        "_inline_size": null,
                        "html_tag": "nav",
                        "_inline_size_mobile": 20,
                        "_inline_size_tablet": 38
                    },
                    "elements": [
                        {
                            "id": "3cccce1b",
                            "settings": {
                                "align_items": "right",
                                "pointer": "framed",
                                "animation_framed": "corners",
                                "indicator": "chevron",
                                "menu_typography_typography": "custom",
                                "menu_typography_font_size": {
                                    "unit": "px",
                                    "size": 14,
                                    "sizes": []
                                },
                                "menu_typography_font_weight": "400",
                                "menu_typography_line_height": {
                                    "unit": "em",
                                    "size": 1.3,
                                    "sizes": []
                                },
                                "menu_typography_letter_spacing": {
                                    "unit": "px",
                                    "size": 0,
                                    "sizes": []
                                },
                                "color_menu_item": "#656E78",
                                "color_menu_item_hover": "#BA9E52",
                                "pointer_color_menu_item_hover": "#F0E7D5",
                                "color_menu_item_active": "#BA9E52",
                                "pointer_color_menu_item_active": "#F0E7D5",
                                "pointer_width": {
                                    "unit": "px",
                                    "size": 1,
                                    "sizes": []
                                },
                                "padding_horizontal_menu_item": {
                                    "unit": "px",
                                    "size": 12,
                                    "sizes": []
                                },
                                "padding_vertical_menu_item": {
                                    "unit": "px",
                                    "size": 12,
                                    "sizes": []
                                },
                                "menu_space_between": {
                                    "unit": "px",
                                    "size": 12,
                                    "sizes": []
                                },
                                "color_dropdown_item": "#656E78",
                                "background_color_dropdown_item": "#FCFAF6",
                                "color_dropdown_item_hover": "#BA9E52",
                                "background_color_dropdown_item_hover": "#FFFFFF",
                                "color_dropdown_item_active": "#BA9E52",
                                "dropdown_typography_typography": "custom",
                                "dropdown_typography_font_size": {
                                    "unit": "px",
                                    "size": 13,
                                    "sizes": []
                                },
                                "dropdown_typography_font_weight": "400",
                                "dropdown_typography_letter_spacing": {
                                    "unit": "px",
                                    "size": 0,
                                    "sizes": []
                                },
                                "dropdown_border_width": {
                                    "unit": "px",
                                    "top": "6",
                                    "right": "6",
                                    "bottom": "6",
                                    "left": "6",
                                    "isLinked": true
                                },
                                "dropdown_border_color": "#FFFFFF",
                                "dropdown_box_shadow_box_shadow_type": "yes",
                                "dropdown_box_shadow_box_shadow": {
                                    "horizontal": 0,
                                    "vertical": 2,
                                    "blur": 20,
                                    "spread": 0,
                                    "color": "rgba(0, 0, 0, 0.07)"
                                },
                                "padding_horizontal_dropdown_item": {
                                    "unit": "px",
                                    "size": 20,
                                    "sizes": []
                                },
                                "padding_vertical_dropdown_item": {
                                    "unit": "px",
                                    "size": 12,
                                    "sizes": []
                                },
                                "dropdown_divider_border": "dashed",
                                "dropdown_divider_color": "rgba(186, 158, 82, 0.17)",
                                "dropdown_divider_width": {
                                    "unit": "px",
                                    "size": 1,
                                    "sizes": []
                                },
                                "eg_tooltip_description": "This is tooltip",
                                "background_color_dropdown_item_active": "#FFFFFF",
                                "dropdown_border_border": "solid",
                                "full_width": "stretch",
                                "toggle_align": "right",
                                "toggle_color": "#BA9E52",
                                "toggle_background_color": "rgba(16, 17, 18, 0)",
                                "toggle_color_hover": "#101112",
                                "toggle_size": {
                                    "unit": "px",
                                    "size": 20,
                                    "sizes": []
                                },
                                "toggle_border_width": {
                                    "unit": "px",
                                    "size": 1,
                                    "sizes": []
                                },
                                "toggle_border_radius": {
                                    "unit": "px",
                                    "size": 0,
                                    "sizes": []
                                }
                            },
                            "elements": [],
                            "isInner": false,
                            "widgetType": "nav-menu",
                            "elType": "widget"
                        }
                    ],
                    "isInner": false,
                    "elType": "column"
                },
                {
                    "id": "3f43fd02",
                    "settings": {
                        "_column_size": 16,
                        "_inline_size": null,
                        "_inline_size_mobile": 40,
                        "_inline_size_tablet": 22
                    },
                    "elements": [
                        {
                            "id": "3c857a35",
                            "settings": {
                                "text": "Contact",
                                "align": "right",
                                "selected_icon": {
                                    "value": "fas fa-camera",
                                    "library": "fa-solid"
                                },
                                "eg_tooltip_description": "This is tooltip"
                            },
                            "elements": [],
                            "isInner": false,
                            "widgetType": "button",
                            "elType": "widget"
                        }
                    ],
                    "isInner": false,
                    "elType": "column"
                }
            ],
            "isInner": false,
            "elType": "section"
        }
    ],
    "page_settings": {
        "content_wrapper_html_tag": "header"
    }
}