{
    "version": "0.4",
    "title": "Image Gallery With Content Block 1",
    "type": "section",
    "metadata": {
        "template_type": "section-gallery",
        "include_in_zip": "1",
        "elementor_pro_required": "1",
        "wp_page_template": "elementor_header_footer"
    },
    "content": [
        {
            "id": "a4ad26e",
            "settings": {
                "gap": "wider",
                "structure": "20",
                "margin": {
                    "unit": "px",
                    "top": "0",
                    "right": 0,
                    "bottom": "0",
                    "left": 0,
                    "isLinked": false
                }
            },
            "elements": [
                {
                    "id": "429cf9c3",
                    "settings": {
                        "_column_size": 50,
                        "_inline_size": 40
                    },
                    "elements": [
                        {
                            "id": "4ed99147",
                            "settings": {
                                "title": "Model Photography Portfolio",
                                "typography_typography": "custom",
                                "typography_line_height": {
                                    "unit": "em",
                                    "size": 1.4,
                                    "sizes": []
                                }
                            },
                            "elements": [],
                            "isInner": false,
                            "widgetType": "heading",
                            "elType": "widget"
                        },
                        {
                            "id": "1f568e7c",
                            "settings": {
                                "editor": "Etiam porta sem malesuada magna mollis euismod. Vestibulum id ligula porta felis euismod semper. Fusce dapibus, tellus ac cursus commodo, tortor mauris condimentum nibh.",
                                "_margin": {
                                    "unit": "px",
                                    "top": "10",
                                    "right": "0",
                                    "bottom": "0",
                                    "left": "0",
                                    "isLinked": false
                                }
                            },
                            "elements": [],
                            "isInner": false,
                            "widgetType": "text-editor",
                            "elType": "widget"
                        },
                        {
                            "id": "4893c9a5",
                            "settings": {
                                "text": "View Deatails",
                                "selected_icon": {
                                    "value": "fas fa-long-arrow-alt-right",
                                    "library": "fa-solid"
                                },
                                "icon_align": "right",
                                "icon_indent": {
                                    "unit": "px",
                                    "size": 10,
                                    "sizes": []
                                },
                                "align_mobile": "justify"
                            },
                            "elements": [],
                            "isInner": false,
                            "widgetType": "button",
                            "elType": "widget"
                        }
                    ],
                    "isInner": false,
                    "elType": "column"
                },
                {
                    "id": "3a1721ab",
                    "settings": {
                        "_column_size": 50,
                        "_inline_size": 60
                    },
                    "elements": [
                        {
                            "id": "156b0544",
                            "settings": {
                                "gallery": [
                                    {
                                        "id": 1565,
                                        "url": "https:\/\/www.memoreel.hocud.com\/wp-content\/uploads\/portrait-of-beautiful-sensual-woman-with-elegant-hairstyle-2.jpg"
                                    },
                                    {
                                        "id": 1564,
                                        "url": "https:\/\/www.memoreel.hocud.com\/wp-content\/uploads\/fashion-portrait-of-young-sensual-woman-in-garden.jpg"
                                    },
                                    {
                                        "id": 1561,
                                        "url": "https:\/\/www.memoreel.hocud.com\/wp-content\/uploads\/portrait-of-beautiful-woman-with-the-camera-girl-photographer.jpg"
                                    },
                                    {
                                        "id": 1558,
                                        "url": "https:\/\/www.memoreel.hocud.com\/wp-content\/uploads\/close-up-portrait-of-romantic-senior-couple.jpg"
                                    },
                                    {
                                        "id": 1554,
                                        "url": "https:\/\/www.memoreel.hocud.com\/wp-content\/uploads\/portrait-of-pretty-little-girl.jpg"
                                    },
                                    {
                                        "id": 1555,
                                        "url": "https:\/\/www.memoreel.hocud.com\/wp-content\/uploads\/beautiful-tourist-couple-in-love-traveling-and-sightseeing.jpg"
                                    },
                                    {
                                        "id": 1553,
                                        "url": "https:\/\/www.memoreel.hocud.com\/wp-content\/uploads\/portrait-of-beautiful-sensual-woman-with-elegant-hairstyle.jpg"
                                    },
                                    {
                                        "id": 1549,
                                        "url": "https:\/\/www.memoreel.hocud.com\/wp-content\/uploads\/portrait-of-beautiful-woman-with-elegant-hairstyle.jpg"
                                    }
                                ],
                                "galleries": [
                                    {
                                        "gallery_title": "New Gallery",
                                        "_id": "85d17a0",
                                        "multiple_gallery": []
                                    }
                                ],
                                "ideal_row_height": {
                                    "unit": "px",
                                    "size": 150,
                                    "sizes": []
                                },
                                "gap": {
                                    "unit": "px",
                                    "size": 5,
                                    "sizes": []
                                },
                                "aspect_ratio": "1:1",
                                "show_all_galleries_label": "All",
                                "columns_tablet": 3,
                                "columns_mobile": 4
                            },
                            "elements": [],
                            "isInner": false,
                            "widgetType": "gallery",
                            "elType": "widget"
                        }
                    ],
                    "isInner": false,
                    "elType": "column"
                }
            ],
            "isInner": false,
            "elType": "section"
        }
    ],
    "page_settings": {
        "hide_title": "yes",
        "template": "elementor_header_footer"
    }
}