{
    "version": "0.4",
    "title": "Image Gallery With Content Block 2",
    "type": "section",
    "metadata": {
        "template_type": "section-gallery",
        "include_in_zip": "1",
        "elementor_pro_required": "1",
        "wp_page_template": "elementor_header_footer"
    },
    "content": [
        {
            "id": "44624e71",
            "settings": {
                "gap": "wide",
                "content_position": "middle",
                "structure": "21",
                "background_background": "classic",
                "background_color": "#FCFAF6",
                "background_position": "center center",
                "background_attachment": "fixed",
                "background_repeat": "no-repeat",
                "background_size": "cover",
                "background_overlay_opacity": {
                    "unit": "px",
                    "size": 0.7,
                    "sizes": []
                },
                "overlay_blend_mode": "multiply",
                "padding": {
                    "unit": "px",
                    "top": "100",
                    "right": "0",
                    "bottom": "100",
                    "left": "0",
                    "isLinked": false
                },
                "padding_mobile": {
                    "unit": "px",
                    "top": "60",
                    "right": "20",
                    "bottom": "60",
                    "left": "20",
                    "isLinked": false
                },
                "reverse_order_mobile": "reverse-mobile"
            },
            "elements": [
                {
                    "id": "6d465780",
                    "settings": {
                        "_column_size": 66,
                        "_inline_size": null,
                        "background_background": "classic"
                    },
                    "elements": [
                        {
                            "id": "4bdb19e8",
                            "settings": {
                                "gallery": [
                                    {
                                        "id": 542,
                                        "url": "https:\/\/www.memoreel.hocud.com\/wp-content\/uploads\/summer-resort-vacation.jpg"
                                    },
                                    {
                                        "id": 543,
                                        "url": "https:\/\/www.memoreel.hocud.com\/wp-content\/uploads\/slovenia-resort-lake-bled-.jpg"
                                    },
                                    {
                                        "id": 541,
                                        "url": "https:\/\/www.memoreel.hocud.com\/wp-content\/uploads\/bungalows-at-a-luxury-resort.jpg"
                                    },
                                    {
                                        "id": 537,
                                        "url": "https:\/\/www.memoreel.hocud.com\/wp-content\/uploads\/amazing-tropical-resort-with-huts-over-water.jpg"
                                    },
                                    {
                                        "id": 549,
                                        "url": "https:\/\/www.memoreel.hocud.com\/wp-content\/uploads\/beautiful-and-elegant-girl-on-a-resort-2.jpg"
                                    },
                                    {
                                        "id": 547,
                                        "url": "https:\/\/www.memoreel.hocud.com\/wp-content\/uploads\/beautiful-and-elegant-girl-on-a-resort.jpg"
                                    },
                                    {
                                        "id": 544,
                                        "url": "https:\/\/www.memoreel.hocud.com\/wp-content\/uploads\/slovenia-resort-lake-bled-1-1.jpg"
                                    },
                                    {
                                        "id": 535,
                                        "url": "https:\/\/www.memoreel.hocud.com\/wp-content\/uploads\/tropical-resort.jpg"
                                    },
                                    {
                                        "id": 538,
                                        "url": "https:\/\/www.memoreel.hocud.com\/wp-content\/uploads\/colorful-aquapark-in-green-forest.jpg"
                                    }
                                ],
                                "galleries": [
                                    {
                                        "gallery_title": "New Gallery",
                                        "_id": "4b263b4",
                                        "multiple_gallery": []
                                    }
                                ],
                                "columns": 3,
                                "thumbnail_image_size": "medium_large",
                                "show_all_galleries_label": "All",
                                "overlay_background_hover_color": "#BA9E52",
                                "image_blend_mode": "multiply",
                                "background_overlay_hover_animation": "enter-zoom-in",
                                "eg_tooltip_description": "This is tooltip",
                                "columns_tablet": 3,
                                "columns_mobile": 3,
                                "ideal_row_height_mobile": {
                                    "unit": "px",
                                    "size": 100,
                                    "sizes": []
                                }
                            },
                            "elements": [],
                            "isInner": false,
                            "widgetType": "gallery",
                            "elType": "widget"
                        }
                    ],
                    "isInner": false,
                    "elType": "column"
                },
                {
                    "id": "64630c5c",
                    "settings": {
                        "_column_size": 33,
                        "_inline_size": null
                    },
                    "elements": [
                        {
                            "id": "7935f9c3",
                            "settings": {
                                "title": "Resort's Aerial View",
                                "title_color": "#101112",
                                "typography_typography": "custom",
                                "typography_line_height": {
                                    "unit": "em",
                                    "size": 1.4,
                                    "sizes": []
                                },
                                "eg_tooltip_description": "This is tooltip"
                            },
                            "elements": [],
                            "isInner": false,
                            "widgetType": "heading",
                            "elType": "widget"
                        },
                        {
                            "id": "2ba9c9a4",
                            "settings": {
                                "editor": "<p>Aenean lacinia bibendum nulla sed consectetur. Maecenas sed diam eget risus varius blandit sit amet non magna. Vestibulum id ligula porta felis euismod semper.\u00a0<\/p>",
                                "text_color": "#656E78",
                                "eg_tooltip_description": "This is tooltip"
                            },
                            "elements": [],
                            "isInner": false,
                            "widgetType": "text-editor",
                            "elType": "widget"
                        }
                    ],
                    "isInner": false,
                    "elType": "column"
                }
            ],
            "isInner": false,
            "elType": "section"
        }
    ],
    "page_settings": {
        "hide_title": "yes",
        "content_wrapper_html_tag": "section",
        "template": "elementor_header_footer"
    }
}