{
    "version": "0.4",
    "title": "Portfolio",
    "type": "page",
    "metadata": {
        "template_type": "single-page",
        "include_in_zip": "1",
        "elementor_pro_required": "1",
        "wp_page_template": "elementor_header_footer"
    },
    "content": [
        {
            "id": "79c09072",
            "settings": {
                "background_background": "classic",
                "background_color": "#F0E7D5",
                "margin": {
                    "unit": "px",
                    "top": "0",
                    "right": 0,
                    "bottom": "0",
                    "left": 0,
                    "isLinked": false
                },
                "padding": {
                    "unit": "px",
                    "top": "0",
                    "right": "0",
                    "bottom": "0",
                    "left": "0",
                    "isLinked": false
                },
                "background_image": {
                    "url": "https:\/\/www.memoreel.hocud.com\/wp-content\/uploads\/wedding-photos.jpg",
                    "id": 1586
                },
                "background_position": "center center",
                "background_attachment": "fixed",
                "background_repeat": "no-repeat",
                "background_size": "cover",
                "background_overlay_background": "classic",
                "background_overlay_opacity": {
                    "unit": "px",
                    "size": 1,
                    "sizes": []
                },
                "content_width": {
                    "unit": "px",
                    "size": 700,
                    "sizes": []
                },
                "background_overlay_color_stop": {
                    "unit": "%",
                    "size": 50,
                    "sizes": []
                },
                "background_overlay_color_b": "rgba(255, 255, 255, 0)",
                "background_overlay_color_b_stop": {
                    "unit": "%",
                    "size": 50,
                    "sizes": []
                },
                "background_overlay_gradient_angle": {
                    "unit": "deg",
                    "size": 90,
                    "sizes": []
                },
                "padding_tablet": {
                    "unit": "px",
                    "top": "0",
                    "right": "80",
                    "bottom": "0",
                    "left": "80",
                    "isLinked": false
                },
                "padding_mobile": {
                    "unit": "px",
                    "top": "60",
                    "right": "10",
                    "bottom": "60",
                    "left": "10",
                    "isLinked": false
                }
            },
            "elements": [
                {
                    "id": "5f69bdb2",
                    "settings": {
                        "_column_size": 100,
                        "_inline_size": null,
                        "background_background": "classic",
                        "background_color": "rgba(240, 231, 213, 0.9215686274509803)",
                        "padding": {
                            "unit": "px",
                            "top": "80",
                            "right": "80",
                            "bottom": "80",
                            "left": "80",
                            "isLinked": true
                        },
                        "padding_mobile": {
                            "unit": "px",
                            "top": "50",
                            "right": "30",
                            "bottom": "50",
                            "left": "30",
                            "isLinked": false
                        }
                    },
                    "elements": [
                        {
                            "id": "313cefee",
                            "settings": {
                                "title": "Our Photography Portfolio",
                                "header_size": "h1",
                                "align": "center",
                                "title_color": "#101112",
                                "eg_tooltip_description": "This is tooltip",
                                "align_mobile": "center",
                                "typography_typography": "custom",
                                "typography_line_height": {
                                    "unit": "em",
                                    "size": 1.4,
                                    "sizes": []
                                }
                            },
                            "elements": [],
                            "isInner": false,
                            "widgetType": "heading",
                            "elType": "widget"
                        },
                        {
                            "id": "259ceda2",
                            "settings": {
                                "style": "dashed",
                                "align": "center",
                                "look": "line_icon",
                                "text": "Text",
                                "icon": {
                                    "value": "fas fa-camera",
                                    "library": "fa-solid"
                                },
                                "color": "#B7C7DA",
                                "gap": {
                                    "unit": "px",
                                    "size": 10,
                                    "sizes": []
                                },
                                "text_color": "#BA9E52",
                                "typography_typography": "custom",
                                "typography_font_size": {
                                    "unit": "px",
                                    "size": 10,
                                    "sizes": []
                                },
                                "typography_font_weight": "400",
                                "typography_text_transform": "uppercase",
                                "typography_line_height": {
                                    "unit": "em",
                                    "size": 1.5,
                                    "sizes": []
                                },
                                "typography_letter_spacing": {
                                    "unit": "px",
                                    "size": 2,
                                    "sizes": []
                                },
                                "icon_size": {
                                    "unit": "px",
                                    "size": 14,
                                    "sizes": []
                                },
                                "primary_color": "#BA9E52",
                                "icon_spacing": {
                                    "unit": "px",
                                    "size": 12,
                                    "sizes": []
                                },
                                "eg_tooltip_description": "This is tooltip"
                            },
                            "elements": [],
                            "isInner": false,
                            "widgetType": "divider",
                            "elType": "widget"
                        },
                        {
                            "id": "1d52d77b",
                            "settings": {
                                "editor": "<p>Integer posuere erat a ante venenatis dapibus posuere velit aliquet. Vivamus sagittis lacus vel augue laoreet rutrum faucibus.<\/p>",
                                "align": "center",
                                "align_mobile": "center",
                                "text_color": "#101112",
                                "typography_typography": "custom",
                                "typography_font_size": {
                                    "unit": "px",
                                    "size": 18,
                                    "sizes": []
                                },
                                "typography_font_size_mobile": {
                                    "unit": "px",
                                    "size": 16,
                                    "sizes": []
                                },
                                "typography_font_weight": "300",
                                "typography_line_height": {
                                    "unit": "em",
                                    "size": 1.5,
                                    "sizes": []
                                },
                                "typography_letter_spacing": {
                                    "unit": "px",
                                    "size": 0,
                                    "sizes": []
                                },
                                "_margin": {
                                    "unit": "px",
                                    "top": "10",
                                    "right": "0",
                                    "bottom": "0",
                                    "left": "0",
                                    "isLinked": false
                                },
                                "eg_tooltip_description": "This is tooltip"
                            },
                            "elements": [],
                            "isInner": false,
                            "widgetType": "text-editor",
                            "elType": "widget"
                        },
                        {
                            "id": "2e82b32c",
                            "settings": {
                                "view": "inline",
                                "icon_list": [
                                    {
                                        "text": "+1 2345 234 780",
                                        "selected_icon": {
                                            "value": "fas fa-phone",
                                            "library": "fa-solid"
                                        },
                                        "_id": "33fb2c0",
                                        "link": {
                                            "url": "",
                                            "is_external": "",
                                            "nofollow": "",
                                            "custom_attributes": ""
                                        },
                                        "__dynamic__": []
                                    },
                                    {
                                        "text": "hello@hocud.com",
                                        "selected_icon": {
                                            "value": "fas fa-envelope-open",
                                            "library": "fa-solid"
                                        },
                                        "link": {
                                            "url": "",
                                            "is_external": "",
                                            "nofollow": "",
                                            "custom_attributes": ""
                                        },
                                        "__dynamic__": [],
                                        "_id": "06e99dd"
                                    },
                                    {
                                        "text": "View Pricing",
                                        "selected_icon": {
                                            "value": "fas fa-tags",
                                            "library": "fa-solid"
                                        },
                                        "link": {
                                            "url": "#",
                                            "is_external": "",
                                            "nofollow": "",
                                            "custom_attributes": ""
                                        },
                                        "__dynamic__": [],
                                        "_id": "a7b839b"
                                    }
                                ],
                                "space_between": {
                                    "unit": "px",
                                    "size": 30,
                                    "sizes": []
                                },
                                "icon_align": "center",
                                "icon_align_mobile": "center",
                                "divider_color": "rgba(255, 255, 255, 0.34)",
                                "icon_color": "rgba(255, 255, 255, 0.76)",
                                "icon_color_hover": "#BA9E52",
                                "icon_size": {
                                    "unit": "px",
                                    "size": 12,
                                    "sizes": []
                                },
                                "icon_self_align": "left",
                                "text_color": "#101112",
                                "text_color_hover": "#54595F",
                                "icon_typography_typography": "custom",
                                "icon_typography_font_size": {
                                    "unit": "px",
                                    "size": 13,
                                    "sizes": []
                                },
                                "icon_typography_font_weight": "400",
                                "icon_typography_line_height_mobile": {
                                    "unit": "em",
                                    "size": 2.4,
                                    "sizes": []
                                },
                                "icon_typography_letter_spacing": {
                                    "unit": "px",
                                    "size": 0.3,
                                    "sizes": []
                                },
                                "_margin": {
                                    "unit": "px",
                                    "top": "0",
                                    "right": "0",
                                    "bottom": "0",
                                    "left": "0",
                                    "isLinked": false
                                },
                                "_margin_mobile": {
                                    "unit": "px",
                                    "top": "0",
                                    "right": "0",
                                    "bottom": "0",
                                    "left": "0",
                                    "isLinked": false
                                },
                                "_padding": {
                                    "unit": "px",
                                    "top": "6",
                                    "right": "6",
                                    "bottom": "6",
                                    "left": "6",
                                    "isLinked": true
                                },
                                "_padding_mobile": {
                                    "unit": "px",
                                    "top": "15",
                                    "right": "30",
                                    "bottom": "15",
                                    "left": "30",
                                    "isLinked": false
                                },
                                "eg_tooltip_description": "This is tooltip",
                                "_background_background": "classic",
                                "_background_color": "rgba(16, 17, 18, 0.07)",
                                "_border_width": {
                                    "unit": "px",
                                    "top": "1",
                                    "right": "1",
                                    "bottom": "1",
                                    "left": "1",
                                    "isLinked": true
                                },
                                "_border_color": "#FFFFFF"
                            },
                            "elements": [],
                            "isInner": false,
                            "widgetType": "icon-list",
                            "elType": "widget"
                        }
                    ],
                    "isInner": false,
                    "elType": "column"
                }
            ],
            "isInner": false,
            "elType": "section"
        },
        {
            "id": "4d2172b8",
            "settings": {
                "gap": "wider",
                "structure": "20",
                "margin": {
                    "unit": "px",
                    "top": "100",
                    "right": 0,
                    "bottom": "50",
                    "left": 0,
                    "isLinked": false
                }
            },
            "elements": [
                {
                    "id": "112deb6b",
                    "settings": {
                        "_column_size": 50,
                        "_inline_size": 40
                    },
                    "elements": [
                        {
                            "id": "fb36fc2",
                            "settings": {
                                "title": "Model Photography Portfolio",
                                "typography_typography": "custom",
                                "typography_line_height": {
                                    "unit": "em",
                                    "size": 1.4,
                                    "sizes": []
                                }
                            },
                            "elements": [],
                            "isInner": false,
                            "widgetType": "heading",
                            "elType": "widget"
                        },
                        {
                            "id": "661b423f",
                            "settings": {
                                "editor": "Etiam porta sem malesuada magna mollis euismod. Vestibulum id ligula porta felis euismod semper. Fusce dapibus, tellus ac cursus commodo, tortor mauris condimentum nibh.",
                                "_margin": {
                                    "unit": "px",
                                    "top": "10",
                                    "right": "0",
                                    "bottom": "0",
                                    "left": "0",
                                    "isLinked": false
                                }
                            },
                            "elements": [],
                            "isInner": false,
                            "widgetType": "text-editor",
                            "elType": "widget"
                        },
                        {
                            "id": "9f9cdbf",
                            "settings": {
                                "text": "View Deatails",
                                "selected_icon": {
                                    "value": "fas fa-long-arrow-alt-right",
                                    "library": "fa-solid"
                                },
                                "icon_align": "right",
                                "icon_indent": {
                                    "unit": "px",
                                    "size": 10,
                                    "sizes": []
                                },
                                "align_mobile": "justify"
                            },
                            "elements": [],
                            "isInner": false,
                            "widgetType": "button",
                            "elType": "widget"
                        }
                    ],
                    "isInner": false,
                    "elType": "column"
                },
                {
                    "id": "399399f6",
                    "settings": {
                        "_column_size": 50,
                        "_inline_size": 60
                    },
                    "elements": [
                        {
                            "id": "4474ad35",
                            "settings": {
                                "gallery": [
                                    {
                                        "id": 1565,
                                        "url": "https:\/\/www.memoreel.hocud.com\/wp-content\/uploads\/portrait-of-beautiful-sensual-woman-with-elegant-hairstyle-2.jpg"
                                    },
                                    {
                                        "id": 1564,
                                        "url": "https:\/\/www.memoreel.hocud.com\/wp-content\/uploads\/fashion-portrait-of-young-sensual-woman-in-garden.jpg"
                                    },
                                    {
                                        "id": 1561,
                                        "url": "https:\/\/www.memoreel.hocud.com\/wp-content\/uploads\/portrait-of-beautiful-woman-with-the-camera-girl-photographer.jpg"
                                    },
                                    {
                                        "id": 1558,
                                        "url": "https:\/\/www.memoreel.hocud.com\/wp-content\/uploads\/close-up-portrait-of-romantic-senior-couple.jpg"
                                    },
                                    {
                                        "id": 1554,
                                        "url": "https:\/\/www.memoreel.hocud.com\/wp-content\/uploads\/portrait-of-pretty-little-girl.jpg"
                                    },
                                    {
                                        "id": 1555,
                                        "url": "https:\/\/www.memoreel.hocud.com\/wp-content\/uploads\/beautiful-tourist-couple-in-love-traveling-and-sightseeing.jpg"
                                    },
                                    {
                                        "id": 1553,
                                        "url": "https:\/\/www.memoreel.hocud.com\/wp-content\/uploads\/portrait-of-beautiful-sensual-woman-with-elegant-hairstyle.jpg"
                                    },
                                    {
                                        "id": 1549,
                                        "url": "https:\/\/www.memoreel.hocud.com\/wp-content\/uploads\/portrait-of-beautiful-woman-with-elegant-hairstyle.jpg"
                                    }
                                ],
                                "galleries": [
                                    {
                                        "gallery_title": "New Gallery",
                                        "_id": "85d17a0",
                                        "multiple_gallery": []
                                    }
                                ],
                                "ideal_row_height": {
                                    "unit": "px",
                                    "size": 150,
                                    "sizes": []
                                },
                                "gap": {
                                    "unit": "px",
                                    "size": 5,
                                    "sizes": []
                                },
                                "aspect_ratio": "1:1",
                                "show_all_galleries_label": "All",
                                "columns_tablet": 3,
                                "columns_mobile": 4
                            },
                            "elements": [],
                            "isInner": false,
                            "widgetType": "gallery",
                            "elType": "widget"
                        }
                    ],
                    "isInner": false,
                    "elType": "column"
                }
            ],
            "isInner": false,
            "elType": "section"
        },
        {
            "id": "34f30bdf",
            "settings": {
                "gap": "wider",
                "structure": "20",
                "margin": {
                    "unit": "px",
                    "top": "0",
                    "right": 0,
                    "bottom": "50",
                    "left": 0,
                    "isLinked": false
                },
                "reverse_order_mobile": "reverse-mobile"
            },
            "elements": [
                {
                    "id": "4bc744e8",
                    "settings": {
                        "_column_size": 50,
                        "_inline_size": 60
                    },
                    "elements": [
                        {
                            "id": "4a228da8",
                            "settings": {
                                "gallery": [
                                    {
                                        "id": 1632,
                                        "url": "https:\/\/www.memoreel.hocud.com\/wp-content\/uploads\/beach.jpg"
                                    },
                                    {
                                        "id": 1630,
                                        "url": "https:\/\/www.memoreel.hocud.com\/wp-content\/uploads\/nice-view-from-the-hotel-window-.jpg"
                                    },
                                    {
                                        "id": 1571,
                                        "url": "https:\/\/www.memoreel.hocud.com\/wp-content\/uploads\/interior-of-modern-hotel-reception.jpg"
                                    },
                                    {
                                        "id": 1614,
                                        "url": "https:\/\/www.memoreel.hocud.com\/wp-content\/uploads\/children-in-school-library.jpg"
                                    },
                                    {
                                        "id": 1572,
                                        "url": "https:\/\/www.memoreel.hocud.com\/wp-content\/uploads\/modern-hotel-bedroom.jpg"
                                    },
                                    {
                                        "id": 1596,
                                        "url": "https:\/\/www.memoreel.hocud.com\/wp-content\/uploads\/corporate-business-team-and-manager-in-a-meeting.jpg"
                                    },
                                    {
                                        "id": 1539,
                                        "url": "https:\/\/www.memoreel.hocud.com\/wp-content\/uploads\/waterfall-in-turkey.jpg"
                                    },
                                    {
                                        "id": 1538,
                                        "url": "https:\/\/www.memoreel.hocud.com\/wp-content\/uploads\/moody-autumn-day-in-the-dolomites-forest-and-mountains.jpg"
                                    }
                                ],
                                "galleries": [
                                    {
                                        "gallery_title": "New Gallery",
                                        "_id": "85d17a0",
                                        "multiple_gallery": []
                                    }
                                ],
                                "ideal_row_height": {
                                    "unit": "px",
                                    "size": 150,
                                    "sizes": []
                                },
                                "gap": {
                                    "unit": "px",
                                    "size": 5,
                                    "sizes": []
                                },
                                "aspect_ratio": "1:1",
                                "show_all_galleries_label": "All",
                                "columns_tablet": 3,
                                "columns_mobile": 4
                            },
                            "elements": [],
                            "isInner": false,
                            "widgetType": "gallery",
                            "elType": "widget"
                        }
                    ],
                    "isInner": false,
                    "elType": "column"
                },
                {
                    "id": "5e57b6f4",
                    "settings": {
                        "_column_size": 50,
                        "_inline_size": 40
                    },
                    "elements": [
                        {
                            "id": "1dba2ca4",
                            "settings": {
                                "title": "Corporate Photography Portfolio",
                                "typography_typography": "custom",
                                "typography_line_height": {
                                    "unit": "em",
                                    "size": 1.4,
                                    "sizes": []
                                }
                            },
                            "elements": [],
                            "isInner": false,
                            "widgetType": "heading",
                            "elType": "widget"
                        },
                        {
                            "id": "113c2830",
                            "settings": {
                                "editor": "Etiam porta sem malesuada magna mollis euismod. Vestibulum id ligula porta felis euismod semper. Fusce dapibus, tellus ac cursus commodo, tortor mauris condimentum nibh.",
                                "_margin": {
                                    "unit": "px",
                                    "top": "10",
                                    "right": "0",
                                    "bottom": "0",
                                    "left": "0",
                                    "isLinked": false
                                }
                            },
                            "elements": [],
                            "isInner": false,
                            "widgetType": "text-editor",
                            "elType": "widget"
                        },
                        {
                            "id": "36ee783f",
                            "settings": {
                                "text": "View Deatails",
                                "selected_icon": {
                                    "value": "fas fa-long-arrow-alt-right",
                                    "library": "fa-solid"
                                },
                                "icon_align": "right",
                                "icon_indent": {
                                    "unit": "px",
                                    "size": 10,
                                    "sizes": []
                                },
                                "align_mobile": "justify"
                            },
                            "elements": [],
                            "isInner": false,
                            "widgetType": "button",
                            "elType": "widget"
                        }
                    ],
                    "isInner": false,
                    "elType": "column"
                }
            ],
            "isInner": false,
            "elType": "section"
        },
        {
            "id": "2fce9ffc",
            "settings": {
                "gap": "wider",
                "structure": "20",
                "margin": {
                    "unit": "px",
                    "top": "0",
                    "right": 0,
                    "bottom": "80",
                    "left": 0,
                    "isLinked": false
                }
            },
            "elements": [
                {
                    "id": "4f3a1153",
                    "settings": {
                        "_column_size": 50,
                        "_inline_size": 40
                    },
                    "elements": [
                        {
                            "id": "142f3c8b",
                            "settings": {
                                "title": "Couple Photography Portfolio",
                                "typography_typography": "custom",
                                "typography_line_height": {
                                    "unit": "em",
                                    "size": 1.4,
                                    "sizes": []
                                }
                            },
                            "elements": [],
                            "isInner": false,
                            "widgetType": "heading",
                            "elType": "widget"
                        },
                        {
                            "id": "432472e9",
                            "settings": {
                                "editor": "Etiam porta sem malesuada magna mollis euismod. Vestibulum id ligula porta felis euismod semper. Fusce dapibus, tellus ac cursus commodo, tortor mauris condimentum nibh.",
                                "_margin": {
                                    "unit": "px",
                                    "top": "10",
                                    "right": "0",
                                    "bottom": "0",
                                    "left": "0",
                                    "isLinked": false
                                }
                            },
                            "elements": [],
                            "isInner": false,
                            "widgetType": "text-editor",
                            "elType": "widget"
                        },
                        {
                            "id": "22fbefdd",
                            "settings": {
                                "text": "View Deatails",
                                "selected_icon": {
                                    "value": "fas fa-long-arrow-alt-right",
                                    "library": "fa-solid"
                                },
                                "icon_align": "right",
                                "icon_indent": {
                                    "unit": "px",
                                    "size": 10,
                                    "sizes": []
                                },
                                "align_mobile": "justify"
                            },
                            "elements": [],
                            "isInner": false,
                            "widgetType": "button",
                            "elType": "widget"
                        }
                    ],
                    "isInner": false,
                    "elType": "column"
                },
                {
                    "id": "7fa9c607",
                    "settings": {
                        "_column_size": 50,
                        "_inline_size": 60
                    },
                    "elements": [
                        {
                            "id": "3d8a4db2",
                            "settings": {
                                "gallery": [
                                    {
                                        "id": 486,
                                        "url": "https:\/\/www.memoreel.hocud.com\/wp-content\/uploads\/autumn-beach-10.jpg"
                                    },
                                    {
                                        "id": 445,
                                        "url": "https:\/\/www.memoreel.hocud.com\/wp-content\/uploads\/beautiful-young-couple-posing-on-camera-indoors-7.jpg"
                                    },
                                    {
                                        "id": 489,
                                        "url": "https:\/\/www.memoreel.hocud.com\/wp-content\/uploads\/autumn-beach-13.jpg"
                                    },
                                    {
                                        "id": 441,
                                        "url": "https:\/\/www.memoreel.hocud.com\/wp-content\/uploads\/beautiful-young-couple-posing-on-camera-indoors-3.jpg"
                                    },
                                    {
                                        "id": 488,
                                        "url": "https:\/\/www.memoreel.hocud.com\/wp-content\/uploads\/autumn-beach-12.jpg"
                                    },
                                    {
                                        "id": 1587,
                                        "url": "https:\/\/www.memoreel.hocud.com\/wp-content\/uploads\/beautiful-wedding-couple-in-doorway.jpg"
                                    },
                                    {
                                        "id": 1584,
                                        "url": "https:\/\/www.memoreel.hocud.com\/wp-content\/uploads\/couple-at-beautiful-beach-wedding.jpg"
                                    },
                                    {
                                        "id": 1594,
                                        "url": "https:\/\/www.memoreel.hocud.com\/wp-content\/uploads\/young-caucasian-couple-39-s-wedding-day.jpg"
                                    }
                                ],
                                "galleries": [
                                    {
                                        "gallery_title": "New Gallery",
                                        "_id": "85d17a0",
                                        "multiple_gallery": []
                                    }
                                ],
                                "ideal_row_height": {
                                    "unit": "px",
                                    "size": 150,
                                    "sizes": []
                                },
                                "gap": {
                                    "unit": "px",
                                    "size": 5,
                                    "sizes": []
                                },
                                "aspect_ratio": "1:1",
                                "show_all_galleries_label": "All",
                                "columns_tablet": 3,
                                "columns_mobile": 4
                            },
                            "elements": [],
                            "isInner": false,
                            "widgetType": "gallery",
                            "elType": "widget"
                        }
                    ],
                    "isInner": false,
                    "elType": "column"
                }
            ],
            "isInner": false,
            "elType": "section"
        },
        {
            "id": "36b5580b",
            "settings": {
                "layout": "full_width",
                "gap": "narrow"
            },
            "elements": [
                {
                    "id": "106a647b",
                    "settings": {
                        "_column_size": 100,
                        "_inline_size": null
                    },
                    "elements": [
                        {
                            "id": "74fe12e1",
                            "settings": {
                                "slides": [
                                    {
                                        "image": {
                                            "url": "https:\/\/www.memoreel.hocud.com\/wp-content\/uploads\/couple-at-beautiful-beach-wedding.jpg",
                                            "id": 1584
                                        },
                                        "_id": "b0a8f32",
                                        "type": "image",
                                        "image_link_to_type": "",
                                        "image_link_to": {
                                            "url": "",
                                            "is_external": "",
                                            "nofollow": "",
                                            "custom_attributes": ""
                                        },
                                        "video": {
                                            "url": "",
                                            "is_external": "",
                                            "nofollow": "",
                                            "custom_attributes": ""
                                        }
                                    },
                                    {
                                        "image": {
                                            "url": "https:\/\/www.memoreel.hocud.com\/wp-content\/uploads\/waterfall-in-turkey.jpg",
                                            "id": 1539
                                        },
                                        "_id": "614d906",
                                        "type": "image",
                                        "image_link_to_type": "",
                                        "image_link_to": {
                                            "url": "",
                                            "is_external": "",
                                            "nofollow": "",
                                            "custom_attributes": ""
                                        },
                                        "video": {
                                            "url": "",
                                            "is_external": "",
                                            "nofollow": "",
                                            "custom_attributes": ""
                                        }
                                    },
                                    {
                                        "image": {
                                            "url": "https:\/\/www.memoreel.hocud.com\/wp-content\/uploads\/children-in-school-library.jpg",
                                            "id": 1614
                                        },
                                        "_id": "4044502",
                                        "type": "image",
                                        "image_link_to_type": "",
                                        "image_link_to": {
                                            "url": "",
                                            "is_external": "",
                                            "nofollow": "",
                                            "custom_attributes": ""
                                        },
                                        "video": {
                                            "url": "",
                                            "is_external": "",
                                            "nofollow": "",
                                            "custom_attributes": ""
                                        }
                                    },
                                    {
                                        "image": {
                                            "url": "https:\/\/www.memoreel.hocud.com\/wp-content\/uploads\/attentive-fallow-deer-doe-watching-and-listening-on-a-meadow-with-copy-space.jpg",
                                            "id": 1518
                                        },
                                        "_id": "33b57b6",
                                        "type": "image",
                                        "image_link_to_type": "",
                                        "image_link_to": {
                                            "url": "",
                                            "is_external": "",
                                            "nofollow": "",
                                            "custom_attributes": ""
                                        },
                                        "video": {
                                            "url": "",
                                            "is_external": "",
                                            "nofollow": "",
                                            "custom_attributes": ""
                                        }
                                    },
                                    {
                                        "image": {
                                            "url": "https:\/\/www.memoreel.hocud.com\/wp-content\/uploads\/the-sensual-and-emotional-dance-of-beautiful-ballerina-1.jpg",
                                            "id": 1557
                                        },
                                        "_id": "e6d9d7e",
                                        "type": "image",
                                        "image_link_to_type": "",
                                        "image_link_to": {
                                            "url": "",
                                            "is_external": "",
                                            "nofollow": "",
                                            "custom_attributes": ""
                                        },
                                        "video": {
                                            "url": "",
                                            "is_external": "",
                                            "nofollow": "",
                                            "custom_attributes": ""
                                        }
                                    },
                                    {
                                        "type": "image",
                                        "image": {
                                            "url": "https:\/\/www.memoreel.hocud.com\/wp-content\/uploads\/beautiful-photographer-girl.jpg",
                                            "id": 1505
                                        },
                                        "image_link_to_type": "",
                                        "image_link_to": {
                                            "url": "",
                                            "is_external": "",
                                            "nofollow": "",
                                            "custom_attributes": ""
                                        },
                                        "video": {
                                            "url": "",
                                            "is_external": "",
                                            "nofollow": "",
                                            "custom_attributes": ""
                                        },
                                        "_id": "ba32327"
                                    }
                                ],
                                "slides_per_view": "5",
                                "slides_to_scroll": "1",
                                "height": {
                                    "unit": "px",
                                    "size": 540,
                                    "sizes": []
                                },
                                "pagination": "",
                                "space_between": {
                                    "unit": "px",
                                    "size": 4,
                                    "sizes": []
                                },
                                "eg_tooltip_description": "This is tooltip",
                                "autoplay_speed": 3000,
                                "pause_on_hover": "",
                                "overlay_animation": "slide-up",
                                "overlay_background_color": "rgba(16, 17, 18, 0.58)",
                                "slides_per_view_tablet": "3"
                            },
                            "elements": [],
                            "isInner": false,
                            "widgetType": "media-carousel",
                            "elType": "widget"
                        }
                    ],
                    "isInner": false,
                    "elType": "column"
                }
            ],
            "isInner": false,
            "elType": "section"
        },
        {
            "id": "1b645a6",
            "settings": {
                "gap": "no",
                "custom_height": {
                    "unit": "px",
                    "size": 500
                },
                "content_position": "middle",
                "background_background": "classic",
                "background_image": {
                    "id": 1545,
                    "url": "https:\/\/www.memoreel.hocud.com\/wp-content\/uploads\/photography-1.jpg"
                },
                "background_position": "center center",
                "background_size": "cover",
                "background_overlay_background": "classic",
                "background_overlay_color": "#F0E7D5",
                "background_overlay_opacity": {
                    "unit": "px",
                    "size": 0.93
                },
                "padding": {
                    "unit": "px",
                    "top": "100",
                    "right": "0",
                    "bottom": "100",
                    "left": "0",
                    "isLinked": false
                },
                "padding_tablet": {
                    "unit": "px",
                    "top": "100",
                    "right": "40",
                    "bottom": "100",
                    "left": "40",
                    "isLinked": false
                },
                "padding_mobile": {
                    "unit": "px",
                    "top": "60",
                    "right": "30",
                    "bottom": "60",
                    "left": "30",
                    "isLinked": false
                },
                "content_width": {
                    "unit": "px",
                    "size": 600,
                    "sizes": []
                },
                "background_repeat": "no-repeat"
            },
            "elements": [
                {
                    "id": "7008ca87",
                    "settings": {
                        "_column_size": 100
                    },
                    "elements": [
                        {
                            "id": "195c3449",
                            "settings": {
                                "selected_icon": {
                                    "value": "fas fa-camera",
                                    "library": "fa-solid"
                                },
                                "primary_color": "#BA9E52",
                                "hover_primary_color": "#101112",
                                "size_mobile": {
                                    "unit": "px",
                                    "size": 32,
                                    "sizes": []
                                }
                            },
                            "elements": [],
                            "isInner": false,
                            "widgetType": "icon",
                            "elType": "widget"
                        },
                        {
                            "id": "11467ec0",
                            "settings": {
                                "title": "Keep your memory forever with a colorful way.",
                                "align": "center",
                                "title_color": "#101112",
                                "typography_typography": "custom",
                                "typography_font_size": {
                                    "unit": "px",
                                    "size": 36
                                },
                                "typography_font_weight": "400",
                                "typography_font_size_mobile": {
                                    "unit": "px",
                                    "size": 30
                                },
                                "header_size": "h3",
                                "typography_line_height": {
                                    "unit": "em",
                                    "size": 1.4,
                                    "sizes": []
                                }
                            },
                            "elements": [],
                            "isInner": false,
                            "widgetType": "heading",
                            "elType": "widget"
                        },
                        {
                            "id": "771fee89",
                            "settings": {
                                "title": "Nullam id dolor id nibh ultricies vehicula ut id elit. Maecenas sed diam eget risus varius blandit sit amet non magna.",
                                "header_size": "p",
                                "align": "center",
                                "title_color": "#101112",
                                "typography_typography": "custom",
                                "typography_font_size": {
                                    "unit": "px",
                                    "size": 18
                                },
                                "typography_font_weight": "300",
                                "typography_letter_spacing": {
                                    "unit": "px",
                                    "size": 0
                                },
                                "typography_line_height_mobile": {
                                    "unit": "px",
                                    "size": ""
                                },
                                "typography_line_height": {
                                    "unit": "em",
                                    "size": 1.7,
                                    "sizes": []
                                },
                                "_margin": {
                                    "unit": "px",
                                    "top": "15",
                                    "right": "0",
                                    "bottom": "15",
                                    "left": "0",
                                    "isLinked": false
                                }
                            },
                            "elements": [],
                            "isInner": false,
                            "widgetType": "heading",
                            "elType": "widget"
                        },
                        {
                            "id": "8de6d95",
                            "settings": {
                                "text": "Get Started",
                                "align": "center",
                                "_margin": {
                                    "unit": "px",
                                    "top": "0",
                                    "right": "0",
                                    "bottom": "15",
                                    "left": "0",
                                    "isLinked": false
                                },
                                "align_mobile": "justify"
                            },
                            "elements": [],
                            "isInner": false,
                            "widgetType": "button",
                            "elType": "widget"
                        },
                        {
                            "id": "3466cbfd",
                            "settings": {
                                "view": "inline",
                                "icon_list": [
                                    {
                                        "text": "+1 2345 234 780",
                                        "selected_icon": {
                                            "value": "fas fa-phone",
                                            "library": "fa-solid"
                                        },
                                        "_id": "33fb2c0",
                                        "link": {
                                            "url": "",
                                            "is_external": "",
                                            "nofollow": "",
                                            "custom_attributes": ""
                                        },
                                        "__dynamic__": []
                                    },
                                    {
                                        "text": "hello@hocud.com",
                                        "selected_icon": {
                                            "value": "fas fa-envelope-open",
                                            "library": "fa-solid"
                                        },
                                        "link": {
                                            "url": "",
                                            "is_external": "",
                                            "nofollow": "",
                                            "custom_attributes": ""
                                        },
                                        "__dynamic__": [],
                                        "_id": "06e99dd"
                                    },
                                    {
                                        "text": "View Pricing",
                                        "selected_icon": {
                                            "value": "fas fa-tags",
                                            "library": "fa-solid"
                                        },
                                        "link": {
                                            "url": "#",
                                            "is_external": "",
                                            "nofollow": "",
                                            "custom_attributes": ""
                                        },
                                        "__dynamic__": [],
                                        "_id": "a7b839b"
                                    }
                                ],
                                "space_between": {
                                    "unit": "px",
                                    "size": 30,
                                    "sizes": []
                                },
                                "icon_align": "center",
                                "icon_align_mobile": "center",
                                "divider_color": "rgba(255, 255, 255, 0.34)",
                                "icon_color": "rgba(255, 255, 255, 0.76)",
                                "icon_color_hover": "#BA9E52",
                                "icon_size": {
                                    "unit": "px",
                                    "size": 12,
                                    "sizes": []
                                },
                                "icon_self_align": "left",
                                "text_color": "#101112",
                                "text_color_hover": "#54595F",
                                "icon_typography_typography": "custom",
                                "icon_typography_font_size": {
                                    "unit": "px",
                                    "size": 13,
                                    "sizes": []
                                },
                                "icon_typography_font_weight": "400",
                                "icon_typography_line_height_mobile": {
                                    "unit": "em",
                                    "size": 2.4,
                                    "sizes": []
                                },
                                "icon_typography_letter_spacing": {
                                    "unit": "px",
                                    "size": 0.3,
                                    "sizes": []
                                },
                                "_margin": {
                                    "unit": "px",
                                    "top": "0",
                                    "right": "0",
                                    "bottom": "0",
                                    "left": "0",
                                    "isLinked": false
                                },
                                "_margin_mobile": {
                                    "unit": "px",
                                    "top": "0",
                                    "right": "0",
                                    "bottom": "0",
                                    "left": "0",
                                    "isLinked": false
                                },
                                "_padding": {
                                    "unit": "px",
                                    "top": "6",
                                    "right": "6",
                                    "bottom": "6",
                                    "left": "6",
                                    "isLinked": true
                                },
                                "_padding_mobile": {
                                    "unit": "px",
                                    "top": "15",
                                    "right": "30",
                                    "bottom": "15",
                                    "left": "30",
                                    "isLinked": false
                                },
                                "eg_tooltip_description": "This is tooltip",
                                "_background_background": "classic",
                                "_background_color": "rgba(16, 17, 18, 0.07)",
                                "_border_width": {
                                    "unit": "px",
                                    "top": "1",
                                    "right": "1",
                                    "bottom": "1",
                                    "left": "1",
                                    "isLinked": true
                                },
                                "_border_color": "#FFFFFF"
                            },
                            "elements": [],
                            "isInner": false,
                            "widgetType": "icon-list",
                            "elType": "widget"
                        }
                    ],
                    "isInner": false,
                    "elType": "column"
                }
            ],
            "isInner": false,
            "elType": "section"
        }
    ],
    "page_settings": {
        "hide_title": "yes",
        "template": "elementor_header_footer"
    }
}