{
    "version": "0.4",
    "title": "Services",
    "type": "page",
    "metadata": {
        "template_type": "single-page",
        "include_in_zip": "1",
        "elementor_pro_required": "1",
        "wp_page_template": "elementor_header_footer"
    },
    "content": [
        {
            "id": "21bbeec1",
            "settings": {
                "background_background": "classic",
                "background_color": "#F0E7D5",
                "margin": {
                    "unit": "px",
                    "top": "0",
                    "right": 0,
                    "bottom": "0",
                    "left": 0,
                    "isLinked": false
                },
                "padding": {
                    "unit": "px",
                    "top": "0",
                    "right": "0",
                    "bottom": "0",
                    "left": "0",
                    "isLinked": false
                },
                "background_image": {
                    "url": "https:\/\/www.memoreel.hocud.com\/wp-content\/uploads\/people-looking-choosing-at-colleagues-photo.jpg",
                    "id": 1510
                },
                "background_position": "center center",
                "background_attachment": "fixed",
                "background_repeat": "no-repeat",
                "background_size": "cover",
                "background_overlay_background": "classic",
                "background_overlay_opacity": {
                    "unit": "px",
                    "size": 1,
                    "sizes": []
                },
                "content_width": {
                    "unit": "px",
                    "size": 700,
                    "sizes": []
                },
                "background_overlay_color_stop": {
                    "unit": "%",
                    "size": 50,
                    "sizes": []
                },
                "background_overlay_color_b": "rgba(255, 255, 255, 0)",
                "background_overlay_color_b_stop": {
                    "unit": "%",
                    "size": 50,
                    "sizes": []
                },
                "background_overlay_gradient_angle": {
                    "unit": "deg",
                    "size": 90,
                    "sizes": []
                },
                "padding_tablet": {
                    "unit": "px",
                    "top": "0",
                    "right": "80",
                    "bottom": "0",
                    "left": "80",
                    "isLinked": false
                },
                "padding_mobile": {
                    "unit": "px",
                    "top": "60",
                    "right": "10",
                    "bottom": "60",
                    "left": "10",
                    "isLinked": false
                }
            },
            "elements": [
                {
                    "id": "52538bdf",
                    "settings": {
                        "_column_size": 100,
                        "_inline_size": null,
                        "background_background": "classic",
                        "background_color": "rgba(240, 231, 213, 0.9215686274509803)",
                        "padding": {
                            "unit": "px",
                            "top": "80",
                            "right": "80",
                            "bottom": "80",
                            "left": "80",
                            "isLinked": true
                        },
                        "padding_mobile": {
                            "unit": "px",
                            "top": "50",
                            "right": "30",
                            "bottom": "50",
                            "left": "30",
                            "isLinked": false
                        }
                    },
                    "elements": [
                        {
                            "id": "f703854",
                            "settings": {
                                "title": "Our Photography Service",
                                "header_size": "h1",
                                "align": "center",
                                "title_color": "#101112",
                                "eg_tooltip_description": "This is tooltip",
                                "align_mobile": "center",
                                "typography_typography": "custom",
                                "typography_line_height": {
                                    "unit": "em",
                                    "size": 1.4,
                                    "sizes": []
                                }
                            },
                            "elements": [],
                            "isInner": false,
                            "widgetType": "heading",
                            "elType": "widget"
                        },
                        {
                            "id": "9c01204",
                            "settings": {
                                "style": "dashed",
                                "align": "center",
                                "look": "line_icon",
                                "text": "Text",
                                "icon": {
                                    "value": "fas fa-camera",
                                    "library": "fa-solid"
                                },
                                "color": "#B7C7DA",
                                "gap": {
                                    "unit": "px",
                                    "size": 10,
                                    "sizes": []
                                },
                                "text_color": "#BA9E52",
                                "typography_typography": "custom",
                                "typography_font_size": {
                                    "unit": "px",
                                    "size": 10,
                                    "sizes": []
                                },
                                "typography_font_weight": "400",
                                "typography_text_transform": "uppercase",
                                "typography_line_height": {
                                    "unit": "em",
                                    "size": 1.5,
                                    "sizes": []
                                },
                                "typography_letter_spacing": {
                                    "unit": "px",
                                    "size": 2,
                                    "sizes": []
                                },
                                "icon_size": {
                                    "unit": "px",
                                    "size": 14,
                                    "sizes": []
                                },
                                "primary_color": "#BA9E52",
                                "icon_spacing": {
                                    "unit": "px",
                                    "size": 12,
                                    "sizes": []
                                },
                                "eg_tooltip_description": "This is tooltip"
                            },
                            "elements": [],
                            "isInner": false,
                            "widgetType": "divider",
                            "elType": "widget"
                        },
                        {
                            "id": "4cc007b2",
                            "settings": {
                                "editor": "<p>Integer posuere erat a ante venenatis dapibus posuere velit aliquet. Vivamus sagittis lacus vel augue laoreet rutrum faucibus.<\/p>",
                                "align": "center",
                                "align_mobile": "center",
                                "text_color": "#101112",
                                "typography_typography": "custom",
                                "typography_font_size": {
                                    "unit": "px",
                                    "size": 18,
                                    "sizes": []
                                },
                                "typography_font_size_mobile": {
                                    "unit": "px",
                                    "size": 16,
                                    "sizes": []
                                },
                                "typography_font_weight": "300",
                                "typography_line_height": {
                                    "unit": "em",
                                    "size": 1.5,
                                    "sizes": []
                                },
                                "typography_letter_spacing": {
                                    "unit": "px",
                                    "size": 0,
                                    "sizes": []
                                },
                                "_margin": {
                                    "unit": "px",
                                    "top": "10",
                                    "right": "0",
                                    "bottom": "0",
                                    "left": "0",
                                    "isLinked": false
                                },
                                "eg_tooltip_description": "This is tooltip"
                            },
                            "elements": [],
                            "isInner": false,
                            "widgetType": "text-editor",
                            "elType": "widget"
                        },
                        {
                            "id": "212cc275",
                            "settings": {
                                "view": "inline",
                                "icon_list": [
                                    {
                                        "text": "+1 2345 234 780",
                                        "selected_icon": {
                                            "value": "fas fa-phone",
                                            "library": "fa-solid"
                                        },
                                        "_id": "33fb2c0",
                                        "link": {
                                            "url": "",
                                            "is_external": "",
                                            "nofollow": "",
                                            "custom_attributes": ""
                                        },
                                        "__dynamic__": []
                                    },
                                    {
                                        "text": "hello@hocud.com",
                                        "selected_icon": {
                                            "value": "fas fa-envelope-open",
                                            "library": "fa-solid"
                                        },
                                        "link": {
                                            "url": "",
                                            "is_external": "",
                                            "nofollow": "",
                                            "custom_attributes": ""
                                        },
                                        "__dynamic__": [],
                                        "_id": "06e99dd"
                                    },
                                    {
                                        "text": "View Pricing",
                                        "selected_icon": {
                                            "value": "fas fa-tags",
                                            "library": "fa-solid"
                                        },
                                        "link": {
                                            "url": "#",
                                            "is_external": "",
                                            "nofollow": "",
                                            "custom_attributes": ""
                                        },
                                        "__dynamic__": [],
                                        "_id": "a7b839b"
                                    }
                                ],
                                "space_between": {
                                    "unit": "px",
                                    "size": 30,
                                    "sizes": []
                                },
                                "icon_align": "center",
                                "icon_align_mobile": "center",
                                "divider_color": "rgba(255, 255, 255, 0.34)",
                                "icon_color": "rgba(255, 255, 255, 0.76)",
                                "icon_color_hover": "#BA9E52",
                                "icon_size": {
                                    "unit": "px",
                                    "size": 12,
                                    "sizes": []
                                },
                                "icon_self_align": "left",
                                "text_color": "#101112",
                                "text_color_hover": "#54595F",
                                "icon_typography_typography": "custom",
                                "icon_typography_font_size": {
                                    "unit": "px",
                                    "size": 13,
                                    "sizes": []
                                },
                                "icon_typography_font_weight": "400",
                                "icon_typography_line_height_mobile": {
                                    "unit": "em",
                                    "size": 2.4,
                                    "sizes": []
                                },
                                "icon_typography_letter_spacing": {
                                    "unit": "px",
                                    "size": 0.3,
                                    "sizes": []
                                },
                                "_margin": {
                                    "unit": "px",
                                    "top": "0",
                                    "right": "0",
                                    "bottom": "0",
                                    "left": "0",
                                    "isLinked": false
                                },
                                "_margin_mobile": {
                                    "unit": "px",
                                    "top": "0",
                                    "right": "0",
                                    "bottom": "0",
                                    "left": "0",
                                    "isLinked": false
                                },
                                "_padding": {
                                    "unit": "px",
                                    "top": "6",
                                    "right": "6",
                                    "bottom": "6",
                                    "left": "6",
                                    "isLinked": true
                                },
                                "_padding_mobile": {
                                    "unit": "px",
                                    "top": "15",
                                    "right": "30",
                                    "bottom": "15",
                                    "left": "30",
                                    "isLinked": false
                                },
                                "eg_tooltip_description": "This is tooltip",
                                "_background_background": "classic",
                                "_background_color": "rgba(16, 17, 18, 0.07)",
                                "_border_width": {
                                    "unit": "px",
                                    "top": "1",
                                    "right": "1",
                                    "bottom": "1",
                                    "left": "1",
                                    "isLinked": true
                                },
                                "_border_color": "#FFFFFF"
                            },
                            "elements": [],
                            "isInner": false,
                            "widgetType": "icon-list",
                            "elType": "widget"
                        }
                    ],
                    "isInner": false,
                    "elType": "column"
                }
            ],
            "isInner": false,
            "elType": "section"
        },
        {
            "id": "15436ce8",
            "settings": {
                "margin": {
                    "unit": "px",
                    "top": "100",
                    "right": 0,
                    "bottom": "100",
                    "left": 0,
                    "isLinked": true
                },
                "gap": "no",
                "content_width": {
                    "unit": "px",
                    "size": 900,
                    "sizes": []
                },
                "padding_mobile": {
                    "unit": "px",
                    "top": "0",
                    "right": "30",
                    "bottom": "0",
                    "left": "30",
                    "isLinked": false
                },
                "padding_tablet": {
                    "unit": "px",
                    "top": "0",
                    "right": "80",
                    "bottom": "0",
                    "left": "80",
                    "isLinked": false
                }
            },
            "elements": [
                {
                    "id": "62408ee7",
                    "settings": {
                        "_column_size": 100,
                        "_inline_size": null
                    },
                    "elements": [
                        {
                            "id": "1ae6f454",
                            "settings": {
                                "title": "Photography is a way of feeling, of touching, of loving. What you have caught on film is captured forever\u2026 It remembers little things, long after you have forgotten everything.",
                                "align": "center",
                                "typography_typography": "custom",
                                "typography_line_height": {
                                    "unit": "em",
                                    "size": 1.4,
                                    "sizes": []
                                },
                                "_margin": {
                                    "unit": "px",
                                    "top": "0",
                                    "right": "0",
                                    "bottom": "30",
                                    "left": "0",
                                    "isLinked": false
                                }
                            },
                            "elements": [],
                            "isInner": false,
                            "widgetType": "heading",
                            "elType": "widget"
                        },
                        {
                            "id": "73ae6eb7",
                            "settings": {
                                "editor": "<p>Cras justo odio, dapibus ac facilisis in, egestas eget quam. Etiam porta sem malesuada magna mollis euismod. Donec ullamcorper nulla non metus auctor fringilla. Maecenas sed diam eget risus varius blandit sit amet non magna. Etiam porta sem malesuada magna mollis euismod. Cras mattis consectetur purus sit amet fermentum.<\/p><p>Sed posuere consectetur est at lobortis. Lorem ipsum dolor sit amet, consectetur adipiscing elit. Aenean eu leo quam. Pellentesque ornare sem lacinia quam venenatis vestibulum. Donec sed odio dui. Aenean eu leo quam. Pellentesque ornare sem lacinia quam venenatis vestibulum.<\/p>",
                                "align": "left",
                                "text_color": "#656E78",
                                "text_columns": "2",
                                "column_gap": {
                                    "unit": "px",
                                    "size": 50,
                                    "sizes": []
                                },
                                "_margin": {
                                    "unit": "px",
                                    "top": "10",
                                    "right": "0",
                                    "bottom": "0",
                                    "left": "0",
                                    "isLinked": false
                                },
                                "drop_cap_primary_color": "#656E78",
                                "drop_cap_typography_font_weight": "400",
                                "text_columns_mobile": "1"
                            },
                            "elements": [],
                            "isInner": false,
                            "widgetType": "text-editor",
                            "elType": "widget"
                        }
                    ],
                    "isInner": false,
                    "elType": "column"
                }
            ],
            "isInner": false,
            "elType": "section"
        },
        {
            "id": "d9c85e8",
            "settings": {
                "layout": "full_width",
                "gap": "no",
                "content_position": "middle",
                "structure": "20",
                "reverse_order_mobile": "reverse-mobile"
            },
            "elements": [
                {
                    "id": "5b426c8e",
                    "settings": {
                        "_column_size": 50,
                        "_inline_size": null,
                        "_inline_size_tablet": 40
                    },
                    "elements": [
                        {
                            "id": "7c6f169d",
                            "settings": {
                                "slides": [
                                    {
                                        "image": {
                                            "url": "https:\/\/www.memoreel.hocud.com\/wp-content\/uploads\/cute-couple-in-a-jeans-clothes-in-a-spring-field.jpg",
                                            "id": 837
                                        },
                                        "_id": "614d906",
                                        "type": "image",
                                        "image_link_to_type": "",
                                        "image_link_to": {
                                            "url": "",
                                            "is_external": "",
                                            "nofollow": "",
                                            "custom_attributes": ""
                                        },
                                        "video": {
                                            "url": "",
                                            "is_external": "",
                                            "nofollow": "",
                                            "custom_attributes": ""
                                        }
                                    },
                                    {
                                        "image": {
                                            "url": "https:\/\/www.memoreel.hocud.com\/wp-content\/uploads\/portrait-of-beautiful-bride-wedding-photo-1.jpg",
                                            "id": 1588
                                        },
                                        "_id": "b0a8f32",
                                        "type": "image",
                                        "image_link_to_type": "",
                                        "image_link_to": {
                                            "url": "",
                                            "is_external": "",
                                            "nofollow": "",
                                            "custom_attributes": ""
                                        },
                                        "video": {
                                            "url": "",
                                            "is_external": "",
                                            "nofollow": "",
                                            "custom_attributes": ""
                                        }
                                    },
                                    {
                                        "image": {
                                            "url": "https:\/\/www.memoreel.hocud.com\/wp-content\/uploads\/autumn-beach-12.jpg",
                                            "id": 488
                                        },
                                        "_id": "4044502",
                                        "type": "image",
                                        "image_link_to_type": "",
                                        "image_link_to": {
                                            "url": "",
                                            "is_external": "",
                                            "nofollow": "",
                                            "custom_attributes": ""
                                        },
                                        "video": {
                                            "url": "",
                                            "is_external": "",
                                            "nofollow": "",
                                            "custom_attributes": ""
                                        }
                                    }
                                ],
                                "slides_per_view": "1",
                                "slides_to_scroll": "1",
                                "height": {
                                    "unit": "px",
                                    "size": 600,
                                    "sizes": []
                                },
                                "pagination": "",
                                "space_between": {
                                    "unit": "px",
                                    "size": 4,
                                    "sizes": []
                                },
                                "eg_tooltip_description": "This is tooltip",
                                "autoplay_speed": 3000,
                                "pause_on_hover": "",
                                "overlay_animation": "slide-up",
                                "overlay_background_color": "rgba(16, 17, 18, 0.58)",
                                "effect": "fade",
                                "width": {
                                    "unit": "%",
                                    "size": 100,
                                    "sizes": []
                                }
                            },
                            "elements": [],
                            "isInner": false,
                            "widgetType": "media-carousel",
                            "elType": "widget"
                        }
                    ],
                    "isInner": false,
                    "elType": "column"
                },
                {
                    "id": "176f5f1f",
                    "settings": {
                        "_column_size": 50,
                        "_inline_size": null,
                        "background_background": "classic",
                        "background_color": "#FCFAF6",
                        "padding": {
                            "unit": "px",
                            "top": "100",
                            "right": "100",
                            "bottom": "100",
                            "left": "100",
                            "isLinked": true
                        },
                        "_inline_size_tablet": 60,
                        "padding_tablet": {
                            "unit": "px",
                            "top": "60",
                            "right": "40",
                            "bottom": "60",
                            "left": "40",
                            "isLinked": false
                        },
                        "padding_mobile": {
                            "unit": "px",
                            "top": "60",
                            "right": "30",
                            "bottom": "60",
                            "left": "30",
                            "isLinked": false
                        }
                    },
                    "elements": [
                        {
                            "id": "6e7412ff",
                            "settings": {
                                "title": "Portrait Photography Service",
                                "typography_typography": "custom",
                                "typography_line_height": {
                                    "unit": "em",
                                    "size": 1.4,
                                    "sizes": []
                                }
                            },
                            "elements": [],
                            "isInner": false,
                            "widgetType": "heading",
                            "elType": "widget"
                        },
                        {
                            "id": "47e168d7",
                            "settings": {
                                "editor": "<p>Maecenas faucibus mollis interdum. Donec ullamcorper nulla non metus auctor fringilla. Cum sociis natoque penatibus et magnis dis parturient montes, nascetur ridiculus mus. Maecenas faucibus mollis interdum. Nulla vitae elit libero, a pharetra augue. Integer posuere erat a ante venenatis dapibus posuere velit aliquet. Praesent commodo cursus magna, vel scelerisque nisl consectetur et. Integer posuere erat a ante venenatis dapibus posuere velit aliquet.<\/p>",
                                "text_color": "#656E78",
                                "_margin": {
                                    "unit": "px",
                                    "top": "20",
                                    "right": "0",
                                    "bottom": "20",
                                    "left": "0",
                                    "isLinked": false
                                }
                            },
                            "elements": [],
                            "isInner": false,
                            "widgetType": "text-editor",
                            "elType": "widget"
                        },
                        {
                            "id": "665a054f",
                            "settings": {
                                "text": "Learn More",
                                "align_mobile": "justify"
                            },
                            "elements": [],
                            "isInner": false,
                            "widgetType": "button",
                            "elType": "widget"
                        }
                    ],
                    "isInner": false,
                    "elType": "column"
                }
            ],
            "isInner": false,
            "elType": "section"
        },
        {
            "id": "74e5fcbd",
            "settings": {
                "layout": "full_width",
                "gap": "no",
                "content_position": "middle",
                "structure": "20"
            },
            "elements": [
                {
                    "id": "2734970a",
                    "settings": {
                        "_column_size": 50,
                        "_inline_size": null,
                        "background_background": "classic",
                        "background_color": "#FCFAF6",
                        "padding": {
                            "unit": "px",
                            "top": "100",
                            "right": "100",
                            "bottom": "100",
                            "left": "100",
                            "isLinked": true
                        },
                        "_inline_size_tablet": 60,
                        "padding_tablet": {
                            "unit": "px",
                            "top": "60",
                            "right": "40",
                            "bottom": "60",
                            "left": "40",
                            "isLinked": false
                        },
                        "padding_mobile": {
                            "unit": "px",
                            "top": "60",
                            "right": "30",
                            "bottom": "60",
                            "left": "30",
                            "isLinked": false
                        }
                    },
                    "elements": [
                        {
                            "id": "52736b56",
                            "settings": {
                                "title": "Corporate Photography Service",
                                "typography_typography": "custom",
                                "typography_line_height": {
                                    "unit": "em",
                                    "size": 1.4,
                                    "sizes": []
                                }
                            },
                            "elements": [],
                            "isInner": false,
                            "widgetType": "heading",
                            "elType": "widget"
                        },
                        {
                            "id": "33cfc96e",
                            "settings": {
                                "editor": "<p>Maecenas faucibus mollis interdum. Donec ullamcorper nulla non metus auctor fringilla. Cum sociis natoque penatibus et magnis dis parturient montes, nascetur ridiculus mus. Maecenas faucibus mollis interdum. Nulla vitae elit libero, a pharetra augue. Integer posuere erat a ante venenatis dapibus posuere velit aliquet. Praesent commodo cursus magna, vel scelerisque nisl consectetur et. Integer posuere erat a ante venenatis dapibus posuere velit aliquet.<\/p>",
                                "text_color": "#656E78",
                                "_margin": {
                                    "unit": "px",
                                    "top": "20",
                                    "right": "0",
                                    "bottom": "20",
                                    "left": "0",
                                    "isLinked": false
                                }
                            },
                            "elements": [],
                            "isInner": false,
                            "widgetType": "text-editor",
                            "elType": "widget"
                        },
                        {
                            "id": "70ca7e8a",
                            "settings": {
                                "text": "Learn More",
                                "align_mobile": "justify"
                            },
                            "elements": [],
                            "isInner": false,
                            "widgetType": "button",
                            "elType": "widget"
                        }
                    ],
                    "isInner": false,
                    "elType": "column"
                },
                {
                    "id": "795e66eb",
                    "settings": {
                        "_column_size": 50,
                        "_inline_size": null,
                        "_inline_size_tablet": 40
                    },
                    "elements": [
                        {
                            "id": "14f74e66",
                            "settings": {
                                "slides": [
                                    {
                                        "image": {
                                            "url": "https:\/\/www.memoreel.hocud.com\/wp-content\/uploads\/bungalows-at-a-luxury-resort.jpg",
                                            "id": 541
                                        },
                                        "_id": "4044502",
                                        "type": "image",
                                        "image_link_to_type": "",
                                        "image_link_to": {
                                            "url": "",
                                            "is_external": "",
                                            "nofollow": "",
                                            "custom_attributes": ""
                                        },
                                        "video": {
                                            "url": "",
                                            "is_external": "",
                                            "nofollow": "",
                                            "custom_attributes": ""
                                        }
                                    },
                                    {
                                        "image": {
                                            "url": "https:\/\/www.memoreel.hocud.com\/wp-content\/uploads\/santorini-view.jpg",
                                            "id": 556
                                        },
                                        "_id": "b0a8f32",
                                        "type": "image",
                                        "image_link_to_type": "",
                                        "image_link_to": {
                                            "url": "",
                                            "is_external": "",
                                            "nofollow": "",
                                            "custom_attributes": ""
                                        },
                                        "video": {
                                            "url": "",
                                            "is_external": "",
                                            "nofollow": "",
                                            "custom_attributes": ""
                                        }
                                    },
                                    {
                                        "image": {
                                            "url": "https:\/\/www.memoreel.hocud.com\/wp-content\/uploads\/corporate-business-team-and-manager-in-a-meeting.jpg",
                                            "id": 1596
                                        },
                                        "_id": "614d906",
                                        "type": "image",
                                        "image_link_to_type": "",
                                        "image_link_to": {
                                            "url": "",
                                            "is_external": "",
                                            "nofollow": "",
                                            "custom_attributes": ""
                                        },
                                        "video": {
                                            "url": "",
                                            "is_external": "",
                                            "nofollow": "",
                                            "custom_attributes": ""
                                        }
                                    }
                                ],
                                "slides_per_view": "1",
                                "slides_to_scroll": "1",
                                "height": {
                                    "unit": "px",
                                    "size": 600,
                                    "sizes": []
                                },
                                "pagination": "",
                                "space_between": {
                                    "unit": "px",
                                    "size": 4,
                                    "sizes": []
                                },
                                "eg_tooltip_description": "This is tooltip",
                                "autoplay_speed": 3000,
                                "pause_on_hover": "",
                                "overlay_animation": "slide-up",
                                "overlay_background_color": "rgba(16, 17, 18, 0.58)",
                                "effect": "fade",
                                "width": {
                                    "unit": "%",
                                    "size": 100,
                                    "sizes": []
                                }
                            },
                            "elements": [],
                            "isInner": false,
                            "widgetType": "media-carousel",
                            "elType": "widget"
                        }
                    ],
                    "isInner": false,
                    "elType": "column"
                }
            ],
            "isInner": false,
            "elType": "section"
        },
        {
            "id": "77009f64",
            "settings": {
                "layout": "full_width",
                "gap": "no",
                "content_position": "middle",
                "structure": "20",
                "reverse_order_mobile": "reverse-mobile"
            },
            "elements": [
                {
                    "id": "6b100bb3",
                    "settings": {
                        "_column_size": 50,
                        "_inline_size": null,
                        "_inline_size_tablet": 40
                    },
                    "elements": [
                        {
                            "id": "22941182",
                            "settings": {
                                "slides": [
                                    {
                                        "image": {
                                            "url": "https:\/\/www.memoreel.hocud.com\/wp-content\/uploads\/beautiful-wedding-couple-in-doorway.jpg",
                                            "id": 1587
                                        },
                                        "_id": "614d906",
                                        "type": "image",
                                        "image_link_to_type": "",
                                        "image_link_to": {
                                            "url": "",
                                            "is_external": "",
                                            "nofollow": "",
                                            "custom_attributes": ""
                                        },
                                        "video": {
                                            "url": "",
                                            "is_external": "",
                                            "nofollow": "",
                                            "custom_attributes": ""
                                        }
                                    },
                                    {
                                        "image": {
                                            "url": "https:\/\/www.memoreel.hocud.com\/wp-content\/uploads\/beautiful-young-couple-posing-on-camera-indoors-10.jpg",
                                            "id": 448
                                        },
                                        "_id": "b0a8f32",
                                        "type": "image",
                                        "image_link_to_type": "",
                                        "image_link_to": {
                                            "url": "",
                                            "is_external": "",
                                            "nofollow": "",
                                            "custom_attributes": ""
                                        },
                                        "video": {
                                            "url": "",
                                            "is_external": "",
                                            "nofollow": "",
                                            "custom_attributes": ""
                                        }
                                    },
                                    {
                                        "image": {
                                            "url": "https:\/\/www.memoreel.hocud.com\/wp-content\/uploads\/young-caucasian-couple-39-s-wedding-day.jpg",
                                            "id": 1594
                                        },
                                        "_id": "4044502",
                                        "type": "image",
                                        "image_link_to_type": "",
                                        "image_link_to": {
                                            "url": "",
                                            "is_external": "",
                                            "nofollow": "",
                                            "custom_attributes": ""
                                        },
                                        "video": {
                                            "url": "",
                                            "is_external": "",
                                            "nofollow": "",
                                            "custom_attributes": ""
                                        }
                                    }
                                ],
                                "slides_per_view": "1",
                                "slides_to_scroll": "1",
                                "height": {
                                    "unit": "px",
                                    "size": 600,
                                    "sizes": []
                                },
                                "pagination": "",
                                "space_between": {
                                    "unit": "px",
                                    "size": 4,
                                    "sizes": []
                                },
                                "eg_tooltip_description": "This is tooltip",
                                "autoplay_speed": 3000,
                                "pause_on_hover": "",
                                "overlay_animation": "slide-up",
                                "overlay_background_color": "rgba(16, 17, 18, 0.58)",
                                "effect": "fade",
                                "width": {
                                    "unit": "%",
                                    "size": 100,
                                    "sizes": []
                                }
                            },
                            "elements": [],
                            "isInner": false,
                            "widgetType": "media-carousel",
                            "elType": "widget"
                        }
                    ],
                    "isInner": false,
                    "elType": "column"
                },
                {
                    "id": "446e71da",
                    "settings": {
                        "_column_size": 50,
                        "_inline_size": null,
                        "background_background": "classic",
                        "background_color": "#FCFAF6",
                        "padding": {
                            "unit": "px",
                            "top": "100",
                            "right": "100",
                            "bottom": "100",
                            "left": "100",
                            "isLinked": true
                        },
                        "_inline_size_tablet": 60,
                        "padding_tablet": {
                            "unit": "px",
                            "top": "60",
                            "right": "40",
                            "bottom": "60",
                            "left": "40",
                            "isLinked": false
                        },
                        "padding_mobile": {
                            "unit": "px",
                            "top": "60",
                            "right": "30",
                            "bottom": "60",
                            "left": "30",
                            "isLinked": false
                        }
                    },
                    "elements": [
                        {
                            "id": "78b6873b",
                            "settings": {
                                "title": "Wedding Photography Service",
                                "typography_typography": "custom",
                                "typography_line_height": {
                                    "unit": "em",
                                    "size": 1.4,
                                    "sizes": []
                                }
                            },
                            "elements": [],
                            "isInner": false,
                            "widgetType": "heading",
                            "elType": "widget"
                        },
                        {
                            "id": "1864693e",
                            "settings": {
                                "editor": "<p>Maecenas faucibus mollis interdum. Donec ullamcorper nulla non metus auctor fringilla. Cum sociis natoque penatibus et magnis dis parturient montes, nascetur ridiculus mus. Maecenas faucibus mollis interdum. Nulla vitae elit libero, a pharetra augue. Integer posuere erat a ante venenatis dapibus posuere velit aliquet. Praesent commodo cursus magna, vel scelerisque nisl consectetur et. Integer posuere erat a ante venenatis dapibus posuere velit aliquet.<\/p>",
                                "text_color": "#656E78",
                                "_margin": {
                                    "unit": "px",
                                    "top": "20",
                                    "right": "0",
                                    "bottom": "20",
                                    "left": "0",
                                    "isLinked": false
                                }
                            },
                            "elements": [],
                            "isInner": false,
                            "widgetType": "text-editor",
                            "elType": "widget"
                        },
                        {
                            "id": "5dea3b45",
                            "settings": {
                                "text": "Learn More",
                                "align_mobile": "justify"
                            },
                            "elements": [],
                            "isInner": false,
                            "widgetType": "button",
                            "elType": "widget"
                        }
                    ],
                    "isInner": false,
                    "elType": "column"
                }
            ],
            "isInner": false,
            "elType": "section"
        },
        {
            "id": "7ac99f6c",
            "settings": {
                "layout": "full_width",
                "gap": "no",
                "content_position": "middle",
                "structure": "20"
            },
            "elements": [
                {
                    "id": "461ff342",
                    "settings": {
                        "_column_size": 50,
                        "_inline_size": null,
                        "background_background": "classic",
                        "background_color": "#FCFAF6",
                        "padding": {
                            "unit": "px",
                            "top": "100",
                            "right": "100",
                            "bottom": "100",
                            "left": "100",
                            "isLinked": true
                        },
                        "_inline_size_tablet": 60,
                        "padding_tablet": {
                            "unit": "px",
                            "top": "60",
                            "right": "40",
                            "bottom": "60",
                            "left": "40",
                            "isLinked": false
                        },
                        "padding_mobile": {
                            "unit": "px",
                            "top": "60",
                            "right": "30",
                            "bottom": "60",
                            "left": "30",
                            "isLinked": false
                        }
                    },
                    "elements": [
                        {
                            "id": "64c8e187",
                            "settings": {
                                "title": "Headshots Photography Service",
                                "typography_typography": "custom",
                                "typography_line_height": {
                                    "unit": "em",
                                    "size": 1.4,
                                    "sizes": []
                                }
                            },
                            "elements": [],
                            "isInner": false,
                            "widgetType": "heading",
                            "elType": "widget"
                        },
                        {
                            "id": "156a9f7b",
                            "settings": {
                                "editor": "<p>Maecenas faucibus mollis interdum. Donec ullamcorper nulla non metus auctor fringilla. Cum sociis natoque penatibus et magnis dis parturient montes, nascetur ridiculus mus. Maecenas faucibus mollis interdum. Nulla vitae elit libero, a pharetra augue. Integer posuere erat a ante venenatis dapibus posuere velit aliquet. Praesent commodo cursus magna, vel scelerisque nisl consectetur et. Integer posuere erat a ante venenatis dapibus posuere velit aliquet.<\/p>",
                                "text_color": "#656E78",
                                "_margin": {
                                    "unit": "px",
                                    "top": "20",
                                    "right": "0",
                                    "bottom": "20",
                                    "left": "0",
                                    "isLinked": false
                                }
                            },
                            "elements": [],
                            "isInner": false,
                            "widgetType": "text-editor",
                            "elType": "widget"
                        },
                        {
                            "id": "13cca10e",
                            "settings": {
                                "text": "Learn More",
                                "align_mobile": "justify"
                            },
                            "elements": [],
                            "isInner": false,
                            "widgetType": "button",
                            "elType": "widget"
                        }
                    ],
                    "isInner": false,
                    "elType": "column"
                },
                {
                    "id": "43015b1b",
                    "settings": {
                        "_column_size": 50,
                        "_inline_size": null,
                        "_inline_size_tablet": 40
                    },
                    "elements": [
                        {
                            "id": "7327701f",
                            "settings": {
                                "slides": [
                                    {
                                        "image": {
                                            "url": "https:\/\/www.memoreel.hocud.com\/wp-content\/uploads\/portrait-of-beautiful-sensual-woman-with-elegant-hairstyle-2.jpg",
                                            "id": 1565
                                        },
                                        "_id": "b0a8f32",
                                        "type": "image",
                                        "image_link_to_type": "",
                                        "image_link_to": {
                                            "url": "",
                                            "is_external": "",
                                            "nofollow": "",
                                            "custom_attributes": ""
                                        },
                                        "video": {
                                            "url": "",
                                            "is_external": "",
                                            "nofollow": "",
                                            "custom_attributes": ""
                                        }
                                    },
                                    {
                                        "image": {
                                            "url": "https:\/\/www.memoreel.hocud.com\/wp-content\/uploads\/close-up-portrait-of-romantic-senior-couple.jpg",
                                            "id": 1558
                                        },
                                        "_id": "614d906",
                                        "type": "image",
                                        "image_link_to_type": "",
                                        "image_link_to": {
                                            "url": "",
                                            "is_external": "",
                                            "nofollow": "",
                                            "custom_attributes": ""
                                        },
                                        "video": {
                                            "url": "",
                                            "is_external": "",
                                            "nofollow": "",
                                            "custom_attributes": ""
                                        }
                                    },
                                    {
                                        "image": {
                                            "url": "https:\/\/www.memoreel.hocud.com\/wp-content\/uploads\/portrait-of-beautiful-bride-wedding-photo.jpg",
                                            "id": 1582
                                        },
                                        "_id": "4044502",
                                        "type": "image",
                                        "image_link_to_type": "",
                                        "image_link_to": {
                                            "url": "",
                                            "is_external": "",
                                            "nofollow": "",
                                            "custom_attributes": ""
                                        },
                                        "video": {
                                            "url": "",
                                            "is_external": "",
                                            "nofollow": "",
                                            "custom_attributes": ""
                                        }
                                    }
                                ],
                                "slides_per_view": "1",
                                "slides_to_scroll": "1",
                                "height": {
                                    "unit": "px",
                                    "size": 600,
                                    "sizes": []
                                },
                                "pagination": "",
                                "space_between": {
                                    "unit": "px",
                                    "size": 4,
                                    "sizes": []
                                },
                                "eg_tooltip_description": "This is tooltip",
                                "autoplay_speed": 3000,
                                "pause_on_hover": "",
                                "overlay_animation": "slide-up",
                                "overlay_background_color": "rgba(16, 17, 18, 0.58)",
                                "effect": "fade",
                                "width": {
                                    "unit": "%",
                                    "size": 100,
                                    "sizes": []
                                }
                            },
                            "elements": [],
                            "isInner": false,
                            "widgetType": "media-carousel",
                            "elType": "widget"
                        }
                    ],
                    "isInner": false,
                    "elType": "column"
                }
            ],
            "isInner": false,
            "elType": "section"
        },
        {
            "id": "5ce919d6",
            "settings": {
                "gap": "no",
                "custom_height": {
                    "unit": "px",
                    "size": 500
                },
                "content_position": "middle",
                "background_background": "classic",
                "background_image": {
                    "id": 1545,
                    "url": "https:\/\/www.memoreel.hocud.com\/wp-content\/uploads\/photography-1.jpg"
                },
                "background_position": "center center",
                "background_size": "cover",
                "background_overlay_background": "classic",
                "background_overlay_color": "#F0E7D5",
                "background_overlay_opacity": {
                    "unit": "px",
                    "size": 0.93
                },
                "padding": {
                    "unit": "px",
                    "top": "100",
                    "right": "0",
                    "bottom": "100",
                    "left": "0",
                    "isLinked": false
                },
                "padding_tablet": {
                    "unit": "px",
                    "top": "100",
                    "right": "40",
                    "bottom": "100",
                    "left": "40",
                    "isLinked": false
                },
                "padding_mobile": {
                    "unit": "px",
                    "top": "60",
                    "right": "30",
                    "bottom": "60",
                    "left": "30",
                    "isLinked": false
                },
                "content_width": {
                    "unit": "px",
                    "size": 600,
                    "sizes": []
                },
                "background_repeat": "no-repeat"
            },
            "elements": [
                {
                    "id": "8b6fe2e",
                    "settings": {
                        "_column_size": 100
                    },
                    "elements": [
                        {
                            "id": "17365b40",
                            "settings": {
                                "selected_icon": {
                                    "value": "fas fa-camera",
                                    "library": "fa-solid"
                                },
                                "primary_color": "#BA9E52",
                                "hover_primary_color": "#101112",
                                "size_mobile": {
                                    "unit": "px",
                                    "size": 32,
                                    "sizes": []
                                }
                            },
                            "elements": [],
                            "isInner": false,
                            "widgetType": "icon",
                            "elType": "widget"
                        },
                        {
                            "id": "70fa3344",
                            "settings": {
                                "title": "Keep your memory forever with a colorful way.",
                                "align": "center",
                                "title_color": "#101112",
                                "typography_typography": "custom",
                                "typography_font_size": {
                                    "unit": "px",
                                    "size": 36
                                },
                                "typography_font_weight": "400",
                                "typography_font_size_mobile": {
                                    "unit": "px",
                                    "size": 30
                                },
                                "header_size": "h3",
                                "typography_line_height": {
                                    "unit": "em",
                                    "size": 1.4,
                                    "sizes": []
                                }
                            },
                            "elements": [],
                            "isInner": false,
                            "widgetType": "heading",
                            "elType": "widget"
                        },
                        {
                            "id": "56b6ab94",
                            "settings": {
                                "title": "Nullam id dolor id nibh ultricies vehicula ut id elit. Maecenas sed diam eget risus varius blandit sit amet non magna.",
                                "header_size": "p",
                                "align": "center",
                                "title_color": "#101112",
                                "typography_typography": "custom",
                                "typography_font_size": {
                                    "unit": "px",
                                    "size": 18
                                },
                                "typography_font_weight": "300",
                                "typography_letter_spacing": {
                                    "unit": "px",
                                    "size": 0
                                },
                                "typography_line_height_mobile": {
                                    "unit": "px",
                                    "size": ""
                                },
                                "typography_line_height": {
                                    "unit": "em",
                                    "size": 1.7,
                                    "sizes": []
                                },
                                "_margin": {
                                    "unit": "px",
                                    "top": "15",
                                    "right": "0",
                                    "bottom": "15",
                                    "left": "0",
                                    "isLinked": false
                                }
                            },
                            "elements": [],
                            "isInner": false,
                            "widgetType": "heading",
                            "elType": "widget"
                        },
                        {
                            "id": "406371c",
                            "settings": {
                                "text": "Get Started",
                                "align": "center",
                                "_margin": {
                                    "unit": "px",
                                    "top": "0",
                                    "right": "0",
                                    "bottom": "15",
                                    "left": "0",
                                    "isLinked": false
                                },
                                "align_mobile": "justify"
                            },
                            "elements": [],
                            "isInner": false,
                            "widgetType": "button",
                            "elType": "widget"
                        },
                        {
                            "id": "58704557",
                            "settings": {
                                "view": "inline",
                                "icon_list": [
                                    {
                                        "text": "+1 2345 234 780",
                                        "selected_icon": {
                                            "value": "fas fa-phone",
                                            "library": "fa-solid"
                                        },
                                        "_id": "33fb2c0",
                                        "link": {
                                            "url": "",
                                            "is_external": "",
                                            "nofollow": "",
                                            "custom_attributes": ""
                                        },
                                        "__dynamic__": []
                                    },
                                    {
                                        "text": "hello@hocud.com",
                                        "selected_icon": {
                                            "value": "fas fa-envelope-open",
                                            "library": "fa-solid"
                                        },
                                        "link": {
                                            "url": "",
                                            "is_external": "",
                                            "nofollow": "",
                                            "custom_attributes": ""
                                        },
                                        "__dynamic__": [],
                                        "_id": "06e99dd"
                                    },
                                    {
                                        "text": "View Pricing",
                                        "selected_icon": {
                                            "value": "fas fa-tags",
                                            "library": "fa-solid"
                                        },
                                        "link": {
                                            "url": "#",
                                            "is_external": "",
                                            "nofollow": "",
                                            "custom_attributes": ""
                                        },
                                        "__dynamic__": [],
                                        "_id": "a7b839b"
                                    }
                                ],
                                "space_between": {
                                    "unit": "px",
                                    "size": 30,
                                    "sizes": []
                                },
                                "icon_align": "center",
                                "icon_align_mobile": "center",
                                "divider_color": "rgba(255, 255, 255, 0.34)",
                                "icon_color": "rgba(255, 255, 255, 0.76)",
                                "icon_color_hover": "#BA9E52",
                                "icon_size": {
                                    "unit": "px",
                                    "size": 12,
                                    "sizes": []
                                },
                                "icon_self_align": "left",
                                "text_color": "#101112",
                                "text_color_hover": "#54595F",
                                "icon_typography_typography": "custom",
                                "icon_typography_font_size": {
                                    "unit": "px",
                                    "size": 13,
                                    "sizes": []
                                },
                                "icon_typography_font_weight": "400",
                                "icon_typography_line_height_mobile": {
                                    "unit": "em",
                                    "size": 2.4,
                                    "sizes": []
                                },
                                "icon_typography_letter_spacing": {
                                    "unit": "px",
                                    "size": 0.3,
                                    "sizes": []
                                },
                                "_margin": {
                                    "unit": "px",
                                    "top": "0",
                                    "right": "0",
                                    "bottom": "0",
                                    "left": "0",
                                    "isLinked": false
                                },
                                "_margin_mobile": {
                                    "unit": "px",
                                    "top": "0",
                                    "right": "0",
                                    "bottom": "0",
                                    "left": "0",
                                    "isLinked": false
                                },
                                "_padding": {
                                    "unit": "px",
                                    "top": "6",
                                    "right": "6",
                                    "bottom": "6",
                                    "left": "6",
                                    "isLinked": true
                                },
                                "_padding_mobile": {
                                    "unit": "px",
                                    "top": "15",
                                    "right": "30",
                                    "bottom": "15",
                                    "left": "30",
                                    "isLinked": false
                                },
                                "eg_tooltip_description": "This is tooltip",
                                "_background_background": "classic",
                                "_background_color": "rgba(16, 17, 18, 0.07)",
                                "_border_width": {
                                    "unit": "px",
                                    "top": "1",
                                    "right": "1",
                                    "bottom": "1",
                                    "left": "1",
                                    "isLinked": true
                                },
                                "_border_color": "#FFFFFF"
                            },
                            "elements": [],
                            "isInner": false,
                            "widgetType": "icon-list",
                            "elType": "widget"
                        }
                    ],
                    "isInner": false,
                    "elType": "column"
                }
            ],
            "isInner": false,
            "elType": "section"
        }
    ],
    "page_settings": {
        "hide_title": "yes",
        "template": "elementor_header_footer"
    }
}