{
    "version": "0.4",
    "title": "Single Blog Post",
    "type": "single",
    "metadata": {
        "template_type": "single-post",
        "include_in_zip": "1",
        "elementor_pro_required": "1",
        "elementor_library_type": "single",
        "elementor_pro_conditions": [
            "include\/singular\/post"
        ],
        "additional_template_information": [
            "This is a \"Single\" template for Elementor Pro.",
            "This template will display on: Posts."
        ],
        "wp_page_template": "default"
    },
    "content": [
        {
            "id": "7d4a46a4",
            "settings": {
                "content_width": {
                    "unit": "px",
                    "size": 700,
                    "sizes": []
                },
                "margin": {
                    "unit": "px",
                    "top": "0",
                    "right": 0,
                    "bottom": "0",
                    "left": 0,
                    "isLinked": false
                },
                "padding": {
                    "unit": "px",
                    "top": "70",
                    "right": "0",
                    "bottom": "70",
                    "left": "0",
                    "isLinked": false
                },
                "background_background": "classic",
                "background_color": "#FCFAF6"
            },
            "elements": [
                {
                    "id": "586e937b",
                    "settings": {
                        "_column_size": 100,
                        "_inline_size": null,
                        "background_background": "classic"
                    },
                    "elements": [
                        {
                            "id": "176ce4ab",
                            "settings": {
                                "title": "Add Your Heading Text Here",
                                "header_size": "h6",
                                "align": "center",
                                "title_color": "#BA9E52",
                                "typography_typography": "custom",
                                "typography_font_weight": "500",
                                "__dynamic__": {
                                    "title": "[elementor-tag id=\"1475248\" name=\"post-terms\" settings=\"%7B%22taxonomy%22%3A%22category%22%2C%22separator%22%3A%22%2C%20%22%7D\"]"
                                }
                            },
                            "elements": [],
                            "isInner": false,
                            "widgetType": "heading",
                            "elType": "widget"
                        },
                        {
                            "id": "66534c10",
                            "settings": {
                                "__dynamic__": {
                                    "title": "[elementor-tag id=\"\" name=\"post-title\" settings=\"%7B%22before%22%3A%22%22%2C%22after%22%3A%22%22%2C%22fallback%22%3A%22%22%7D\"]"
                                },
                                "title": "Add Your Heading Text Here",
                                "align": "center",
                                "title_color": "#101112",
                                "typography_typography": "custom",
                                "typography_font_weight": "400",
                                "typography_line_height": {
                                    "unit": "em",
                                    "size": 1.4,
                                    "sizes": []
                                },
                                "_margin": {
                                    "unit": "px",
                                    "top": "15",
                                    "right": "0",
                                    "bottom": "15",
                                    "left": "0",
                                    "isLinked": false
                                },
                                "_padding": {
                                    "unit": "px",
                                    "top": "0",
                                    "right": "0",
                                    "bottom": "0",
                                    "left": "0",
                                    "isLinked": false
                                }
                            },
                            "elements": [],
                            "isInner": false,
                            "widgetType": "theme-post-title",
                            "elType": "widget"
                        },
                        {
                            "id": "407231f4",
                            "settings": {
                                "icon_list": [
                                    {
                                        "type": "author",
                                        "selected_icon": {
                                            "value": "far fa-user-circle",
                                            "library": "fa-regular"
                                        },
                                        "_id": "cb81d1d",
                                        "date_format": "default",
                                        "custom_date_format": "F j, Y",
                                        "time_format": "default",
                                        "custom_time_format": "g:i a",
                                        "taxonomy": [],
                                        "text_prefix": "",
                                        "show_avatar": "",
                                        "avatar_size": {
                                            "unit": "px",
                                            "size": "",
                                            "sizes": []
                                        },
                                        "avatar_size_tablet": {
                                            "unit": "px",
                                            "size": "",
                                            "sizes": []
                                        },
                                        "avatar_size_mobile": {
                                            "unit": "px",
                                            "size": "",
                                            "sizes": []
                                        },
                                        "comments_custom_strings": false,
                                        "string_no_comments": "",
                                        "string_one_comment": "",
                                        "string_comments": "",
                                        "custom_text": "",
                                        "link": "yes",
                                        "custom_url": {
                                            "url": "",
                                            "is_external": "",
                                            "nofollow": "",
                                            "custom_attributes": ""
                                        },
                                        "show_icon": "default"
                                    },
                                    {
                                        "type": "date",
                                        "selected_icon": {
                                            "value": "fas fa-calendar",
                                            "library": "fa-solid"
                                        },
                                        "_id": "307691c",
                                        "date_format": "default",
                                        "custom_date_format": "F j, Y",
                                        "time_format": "default",
                                        "custom_time_format": "g:i a",
                                        "taxonomy": [],
                                        "text_prefix": "",
                                        "show_avatar": "",
                                        "avatar_size": {
                                            "unit": "px",
                                            "size": "",
                                            "sizes": []
                                        },
                                        "avatar_size_tablet": {
                                            "unit": "px",
                                            "size": "",
                                            "sizes": []
                                        },
                                        "avatar_size_mobile": {
                                            "unit": "px",
                                            "size": "",
                                            "sizes": []
                                        },
                                        "comments_custom_strings": false,
                                        "string_no_comments": "",
                                        "string_one_comment": "",
                                        "string_comments": "",
                                        "custom_text": "",
                                        "link": "yes",
                                        "custom_url": {
                                            "url": "",
                                            "is_external": "",
                                            "nofollow": "",
                                            "custom_attributes": ""
                                        },
                                        "show_icon": "default"
                                    },
                                    {
                                        "type": "comments",
                                        "selected_icon": {
                                            "value": "far fa-comment-dots",
                                            "library": "fa-regular"
                                        },
                                        "_id": "eb39223",
                                        "date_format": "default",
                                        "custom_date_format": "F j, Y",
                                        "time_format": "default",
                                        "custom_time_format": "g:i a",
                                        "taxonomy": [],
                                        "text_prefix": "",
                                        "show_avatar": "",
                                        "avatar_size": {
                                            "unit": "px",
                                            "size": "",
                                            "sizes": []
                                        },
                                        "avatar_size_tablet": {
                                            "unit": "px",
                                            "size": "",
                                            "sizes": []
                                        },
                                        "avatar_size_mobile": {
                                            "unit": "px",
                                            "size": "",
                                            "sizes": []
                                        },
                                        "comments_custom_strings": false,
                                        "string_no_comments": "",
                                        "string_one_comment": "",
                                        "string_comments": "",
                                        "custom_text": "",
                                        "link": "yes",
                                        "custom_url": {
                                            "url": "",
                                            "is_external": "",
                                            "nofollow": "",
                                            "custom_attributes": ""
                                        },
                                        "show_icon": "default"
                                    }
                                ],
                                "icon_align": "center",
                                "icon_color": "#BA9E52",
                                "icon_size": {
                                    "unit": "px",
                                    "size": 13,
                                    "sizes": []
                                },
                                "icon_typography_typography": "custom",
                                "icon_typography_font_size": {
                                    "unit": "px",
                                    "size": 12,
                                    "sizes": []
                                },
                                "icon_typography_font_weight": "400",
                                "icon_typography_text_transform": "uppercase",
                                "icon_typography_line_height": {
                                    "unit": "em",
                                    "size": 1.3,
                                    "sizes": []
                                },
                                "icon_typography_letter_spacing": {
                                    "unit": "px",
                                    "size": 0.6,
                                    "sizes": []
                                },
                                "_margin": {
                                    "unit": "px",
                                    "top": "0",
                                    "right": "0",
                                    "bottom": "0",
                                    "left": "0",
                                    "isLinked": false
                                }
                            },
                            "elements": [],
                            "isInner": false,
                            "widgetType": "post-info",
                            "elType": "widget"
                        }
                    ],
                    "isInner": false,
                    "elType": "column"
                }
            ],
            "isInner": false,
            "elType": "section"
        },
        {
            "id": "6b1b4958",
            "settings": {
                "gap": "no",
                "background_background": "classic",
                "layout": "full_width",
                "margin": {
                    "unit": "px",
                    "top": "0",
                    "right": 0,
                    "bottom": "0",
                    "left": 0,
                    "isLinked": false
                }
            },
            "elements": [
                {
                    "id": "4a6e939c",
                    "settings": {
                        "_column_size": 100,
                        "_inline_size": null,
                        "background_background": "classic",
                        "box_shadow_box_shadow": {
                            "horizontal": 0,
                            "vertical": 0,
                            "blur": 10,
                            "spread": 0,
                            "color": "rgba(0, 0, 0, 0.08)"
                        },
                        "margin": {
                            "unit": "px",
                            "top": "0",
                            "right": "0",
                            "bottom": "0",
                            "left": "0",
                            "isLinked": false
                        },
                        "padding": {
                            "unit": "px",
                            "top": "0",
                            "right": "0",
                            "bottom": "0",
                            "left": "0",
                            "isLinked": false
                        }
                    },
                    "elements": [
                        {
                            "id": "3a74511e",
                            "settings": {
                                "__dynamic__": {
                                    "image": "[elementor-tag id=\"\" name=\"post-featured-image\" settings=\"%7B%22fallback%22%3A%7B%22url%22%3A%22%22%2C%22id%22%3A%22%22%7D%7D\"]"
                                },
                                "image_size": "full",
                                "_margin": {
                                    "unit": "px",
                                    "top": "0",
                                    "right": "0",
                                    "bottom": "50",
                                    "left": "0",
                                    "isLinked": false
                                }
                            },
                            "elements": [],
                            "isInner": false,
                            "widgetType": "theme-post-featured-image",
                            "elType": "widget"
                        }
                    ],
                    "isInner": false,
                    "elType": "column"
                }
            ],
            "isInner": false,
            "elType": "section"
        },
        {
            "id": "7f02129",
            "settings": {
                "content_width": {
                    "unit": "px",
                    "size": 900,
                    "sizes": []
                },
                "margin": {
                    "unit": "px",
                    "top": "0",
                    "right": 0,
                    "bottom": "0",
                    "left": 0,
                    "isLinked": false
                },
                "html_tag": "article",
                "padding_tablet": {
                    "unit": "px",
                    "top": "0",
                    "right": "40",
                    "bottom": "0",
                    "left": "40",
                    "isLinked": false
                },
                "padding_mobile": {
                    "unit": "px",
                    "top": "15",
                    "right": "15",
                    "bottom": "15",
                    "left": "15",
                    "isLinked": true
                }
            },
            "elements": [
                {
                    "id": "444a6497",
                    "settings": {
                        "_column_size": 100,
                        "_inline_size": null,
                        "background_background": "classic",
                        "background_color": "#FCFAF6",
                        "box_shadow_box_shadow": {
                            "horizontal": 0,
                            "vertical": 0,
                            "blur": 20,
                            "spread": 0,
                            "color": "rgba(0, 0, 0, 0.1)"
                        },
                        "margin": {
                            "unit": "px",
                            "top": "0",
                            "right": "0",
                            "bottom": "30",
                            "left": "0",
                            "isLinked": false
                        },
                        "padding": {
                            "unit": "px",
                            "top": "80",
                            "right": "80",
                            "bottom": "80",
                            "left": "80",
                            "isLinked": true
                        },
                        "padding_tablet": {
                            "unit": "px",
                            "top": "50",
                            "right": "50",
                            "bottom": "50",
                            "left": "50",
                            "isLinked": true
                        },
                        "padding_mobile": {
                            "unit": "px",
                            "top": "30",
                            "right": "30",
                            "bottom": "30",
                            "left": "30",
                            "isLinked": false
                        },
                        "border_border": "solid",
                        "border_width": {
                            "unit": "px",
                            "top": "10",
                            "right": "10",
                            "bottom": "10",
                            "left": "10",
                            "isLinked": true
                        },
                        "border_color": "#FFFFFF",
                        "box_shadow_box_shadow_type": "yes"
                    },
                    "elements": [
                        {
                            "id": "124e6d89",
                            "settings": {
                                "align": "left"
                            },
                            "elements": [],
                            "isInner": false,
                            "widgetType": "theme-post-content",
                            "elType": "widget"
                        },
                        {
                            "id": "67c0cf4e",
                            "settings": {
                                "title": "Add Your Heading Text Here",
                                "header_size": "p",
                                "align": "center",
                                "title_color": "rgba(101, 110, 120, 0.79)",
                                "typography_typography": "custom",
                                "typography_font_size": {
                                    "unit": "px",
                                    "size": 13,
                                    "sizes": []
                                },
                                "typography_font_weight": "400",
                                "typography_text_transform": "uppercase",
                                "typography_line_height": {
                                    "unit": "em",
                                    "size": 1.3,
                                    "sizes": []
                                },
                                "typography_letter_spacing": {
                                    "unit": "px",
                                    "size": 1.1,
                                    "sizes": []
                                },
                                "__dynamic__": {
                                    "title": "[elementor-tag id=\"3df6023\" name=\"post-terms\" settings=\"%7B%22separator%22%3A%22%2C%20%22%2C%22before%22%3A%22Post%20Tags%3A%20%22%7D\"]"
                                }
                            },
                            "elements": [],
                            "isInner": false,
                            "widgetType": "heading",
                            "elType": "widget"
                        },
                        {
                            "id": "202c8ba2",
                            "settings": {
                                "space": {
                                    "unit": "px",
                                    "size": 10,
                                    "sizes": []
                                }
                            },
                            "elements": [],
                            "isInner": false,
                            "widgetType": "spacer",
                            "elType": "widget"
                        },
                        {
                            "id": "685c8c16",
                            "settings": {
                                "title": "Share this post",
                                "header_size": "h5",
                                "align": "center"
                            },
                            "elements": [],
                            "isInner": false,
                            "widgetType": "heading",
                            "elType": "widget"
                        },
                        {
                            "id": "27ae1850",
                            "settings": {
                                "share_buttons": [
                                    {
                                        "button": "facebook",
                                        "_id": "56c4dd0",
                                        "text": ""
                                    },
                                    {
                                        "button": "twitter",
                                        "_id": "c87847d",
                                        "text": ""
                                    },
                                    {
                                        "button": "linkedin",
                                        "_id": "7721d4b",
                                        "text": ""
                                    },
                                    {
                                        "button": "pinterest",
                                        "text": "",
                                        "_id": "d06138d"
                                    },
                                    {
                                        "button": "tumblr",
                                        "text": "",
                                        "_id": "d4a3eee"
                                    },
                                    {
                                        "button": "mix",
                                        "text": "",
                                        "_id": "5c283e1"
                                    },
                                    {
                                        "button": "pocket",
                                        "text": "",
                                        "_id": "f0dafd9"
                                    },
                                    {
                                        "button": "telegram",
                                        "text": "",
                                        "_id": "edfd17d"
                                    },
                                    {
                                        "button": "whatsapp",
                                        "text": "",
                                        "_id": "a3ba5b7"
                                    }
                                ],
                                "view": "icon",
                                "skin": "minimal",
                                "alignment": "center",
                                "column_gap": {
                                    "unit": "px",
                                    "size": 8,
                                    "sizes": []
                                },
                                "row_gap": {
                                    "unit": "px",
                                    "size": 8,
                                    "sizes": []
                                },
                                "button_size": {
                                    "unit": "px",
                                    "size": 0.7,
                                    "sizes": []
                                },
                                "icon_size": {
                                    "unit": "em",
                                    "size": 2.1,
                                    "sizes": []
                                },
                                "primary_color": "#BA9E52",
                                "secondary_color": "#FFFFFF"
                            },
                            "elements": [],
                            "isInner": false,
                            "widgetType": "share-buttons",
                            "elType": "widget"
                        }
                    ],
                    "isInner": false,
                    "elType": "column"
                }
            ],
            "isInner": false,
            "elType": "section"
        },
        {
            "id": "73fec701",
            "settings": {
                "content_width": {
                    "unit": "px",
                    "size": 900,
                    "sizes": []
                },
                "margin": {
                    "unit": "px",
                    "top": "0",
                    "right": 0,
                    "bottom": "0",
                    "left": 0,
                    "isLinked": false
                },
                "padding_tablet": {
                    "unit": "px",
                    "top": "0",
                    "right": "40",
                    "bottom": "0",
                    "left": "40",
                    "isLinked": false
                },
                "padding_mobile": {
                    "unit": "px",
                    "top": "0",
                    "right": "15",
                    "bottom": "0",
                    "left": "15",
                    "isLinked": false
                }
            },
            "elements": [
                {
                    "id": "4131c855",
                    "settings": {
                        "_column_size": 100,
                        "_inline_size": null,
                        "background_background": "classic",
                        "box_shadow_box_shadow": {
                            "horizontal": 0,
                            "vertical": 0,
                            "blur": 10,
                            "spread": 0,
                            "color": "rgba(0, 0, 0, 0.08)"
                        },
                        "margin": {
                            "unit": "px",
                            "top": "0",
                            "right": "0",
                            "bottom": "0",
                            "left": "0",
                            "isLinked": false
                        }
                    },
                    "elements": [
                        {
                            "id": "2408d292",
                            "settings": {
                                "prev_label": "Previous",
                                "next_label": "Next",
                                "arrow": "fa fa-long-arrow-left",
                                "show_borders": "",
                                "label_color": "rgba(101, 110, 120, 0.72)",
                                "label_hover_color": "#54595F",
                                "label_typography_typography": "custom",
                                "label_typography_font_size": {
                                    "unit": "px",
                                    "size": 11,
                                    "sizes": []
                                },
                                "label_typography_font_weight": "400",
                                "label_typography_letter_spacing": {
                                    "unit": "px",
                                    "size": 1,
                                    "sizes": []
                                },
                                "text_color": "#656E78",
                                "hover_color": "#BA9E52",
                                "title_typography_typography": "custom",
                                "title_typography_font_size": {
                                    "unit": "px",
                                    "size": 14,
                                    "sizes": []
                                },
                                "title_typography_font_weight": "400",
                                "arrow_color": "rgba(101, 110, 120, 0.72)",
                                "arrow_hover_color": "#BA9E52",
                                "arrow_size": {
                                    "unit": "px",
                                    "size": 16,
                                    "sizes": []
                                },
                                "in_same_term": []
                            },
                            "elements": [],
                            "isInner": false,
                            "widgetType": "post-navigation",
                            "elType": "widget"
                        },
                        {
                            "id": "6b0b2381",
                            "settings": {
                                "align": "center",
                                "text": "Divider",
                                "color": "rgba(183, 199, 218, 0.45)"
                            },
                            "elements": [],
                            "isInner": false,
                            "widgetType": "divider",
                            "elType": "widget"
                        }
                    ],
                    "isInner": false,
                    "elType": "column"
                }
            ],
            "isInner": false,
            "elType": "section"
        },
        {
            "id": "1f5a0391",
            "settings": {
                "content_width": {
                    "unit": "px",
                    "size": 900,
                    "sizes": []
                },
                "margin": {
                    "unit": "px",
                    "top": "15",
                    "right": 0,
                    "bottom": "15",
                    "left": 0,
                    "isLinked": true
                },
                "color_link": "#101112",
                "color_link_hover": "#BA9E52",
                "padding_tablet": {
                    "unit": "px",
                    "top": "0",
                    "right": "40",
                    "bottom": "0",
                    "left": "40",
                    "isLinked": false
                },
                "gap": "no"
            },
            "elements": [
                {
                    "id": "48ca58ef",
                    "settings": {
                        "_column_size": 100,
                        "_inline_size": null,
                        "background_background": "classic",
                        "box_shadow_box_shadow": {
                            "horizontal": 0,
                            "vertical": 0,
                            "blur": 10,
                            "spread": 0,
                            "color": "rgba(0, 0, 0, 0.08)"
                        },
                        "margin": {
                            "unit": "px",
                            "top": "0",
                            "right": "0",
                            "bottom": "30",
                            "left": "0",
                            "isLinked": false
                        }
                    },
                    "elements": [
                        {
                            "id": "1a6ff377",
                            "settings": {
                                "title": "More Interesting Posts",
                                "header_size": "h3",
                                "align": "center",
                                "_margin": {
                                    "unit": "px",
                                    "top": "0",
                                    "right": "0",
                                    "bottom": "20",
                                    "left": "0",
                                    "isLinked": false
                                }
                            },
                            "elements": [],
                            "isInner": false,
                            "widgetType": "heading",
                            "elType": "widget"
                        },
                        {
                            "id": "6aae6aaf",
                            "settings": {
                                "classic_posts_per_page": 3,
                                "classic_meta_separator": " \/ ",
                                "classic_read_more_text": "Read More \u00bb",
                                "cards_posts_per_page": 3,
                                "cards_title_tag": "h4",
                                "cards_show_excerpt": "",
                                "cards_meta_data": [],
                                "cards_meta_separator": "\u2022",
                                "cards_show_read_more": "",
                                "cards_read_more_text": "Read More \u00bb",
                                "cards_show_badge": "",
                                "full_content_meta_separator": "\/\/\/",
                                "posts_post_type": "related",
                                "posts_related_fallback": "fallback_recent",
                                "pagination_page_limit": "5",
                                "pagination_prev_label": "&laquo; Previous",
                                "pagination_next_label": "Next &raquo;",
                                "classic_columns_tablet": "3",
                                "classic_show_excerpt": "",
                                "classic_meta_data": [],
                                "classic_show_read_more": "",
                                "classic_column_gap": {
                                    "unit": "px",
                                    "size": 20,
                                    "sizes": []
                                },
                                "classic_row_gap": {
                                    "unit": "px",
                                    "size": 30,
                                    "sizes": []
                                },
                                "classic_alignment": "center",
                                "classic_box_border_width": {
                                    "unit": "px",
                                    "top": "6",
                                    "right": "6",
                                    "bottom": "6",
                                    "left": "6",
                                    "isLinked": true
                                },
                                "classic_box_padding": {
                                    "unit": "px",
                                    "top": "0",
                                    "right": "0",
                                    "bottom": "0",
                                    "left": "0",
                                    "isLinked": false
                                },
                                "classic_content_padding": {
                                    "unit": "px",
                                    "top": "0",
                                    "right": "20",
                                    "bottom": "20",
                                    "left": "20",
                                    "isLinked": false
                                },
                                "classic_box_shadow_box_shadow_type": "yes",
                                "classic_box_shadow_box_shadow": {
                                    "horizontal": 0,
                                    "vertical": 0,
                                    "blur": 10,
                                    "spread": 0,
                                    "color": "rgba(0, 0, 0, 0.13)"
                                },
                                "classic_box_bg_color": "#FCFAF6",
                                "classic_box_border_color": "#FFFFFF",
                                "classic_box_shadow_hover_box_shadow_type": "yes",
                                "classic_box_shadow_hover_box_shadow": {
                                    "horizontal": 0,
                                    "vertical": 0,
                                    "blur": 30,
                                    "spread": -2,
                                    "color": "rgba(0, 0, 0, 0.16)"
                                },
                                "classic_box_bg_color_hover": "#FFFFFF",
                                "classic_box_border_color_hover": "#FFFFFF",
                                "classic_img_border_radius": {
                                    "unit": "px",
                                    "top": "0",
                                    "right": "0",
                                    "bottom": "0",
                                    "left": "0",
                                    "isLinked": true
                                },
                                "classic_thumbnail_hover_filters_css_filter": "custom",
                                "classic_thumbnail_hover_filters_saturate": {
                                    "unit": "px",
                                    "size": 0,
                                    "sizes": []
                                },
                                "classic_title_typography_typography": "custom",
                                "classic_title_typography_font_size": {
                                    "unit": "px",
                                    "size": 16,
                                    "sizes": []
                                },
                                "classic_title_typography_text_transform": "capitalize",
                                "classic_title_typography_line_height": {
                                    "unit": "em",
                                    "size": 1.6,
                                    "sizes": []
                                },
                                "classic_meta_color": "rgba(101, 110, 120, 0.74)",
                                "classic_meta_separator_color": "rgba(183, 199, 218, 0.78)",
                                "classic_meta_typography_typography": "custom",
                                "classic_meta_typography_font_size": {
                                    "unit": "px",
                                    "size": 12,
                                    "sizes": []
                                },
                                "classic_meta_typography_font_weight": "400",
                                "classic_meta_typography_text_transform": "uppercase",
                                "classic_meta_typography_letter_spacing": {
                                    "unit": "px",
                                    "size": 0.4,
                                    "sizes": []
                                },
                                "classic_meta_spacing": {
                                    "unit": "px",
                                    "size": 25,
                                    "sizes": []
                                },
                                "classic_excerpt_color": "#656E78",
                                "classic_excerpt_typography_typography": "custom",
                                "classic_excerpt_typography_font_size": {
                                    "unit": "px",
                                    "size": 16,
                                    "sizes": []
                                },
                                "classic_excerpt_typography_line_height": {
                                    "unit": "em",
                                    "size": 1.6,
                                    "sizes": []
                                },
                                "classic_excerpt_spacing": {
                                    "unit": "px",
                                    "size": 25,
                                    "sizes": []
                                },
                                "classic_read_more_typography_typography": "custom",
                                "classic_read_more_typography_font_size": {
                                    "unit": "px",
                                    "size": 12,
                                    "sizes": []
                                },
                                "classic_read_more_typography_font_weight": "400",
                                "classic_read_more_typography_text_transform": "uppercase",
                                "classic_read_more_typography_text_decoration": "underline",
                                "classic_read_more_typography_letter_spacing": {
                                    "unit": "px",
                                    "size": 1.5,
                                    "sizes": []
                                },
                                "pagination_typography_typography": "custom",
                                "pagination_typography_font_size": {
                                    "unit": "px",
                                    "size": 15,
                                    "sizes": []
                                },
                                "pagination_typography_font_weight": "400",
                                "pagination_typography_line_height": {
                                    "unit": "em",
                                    "size": 8,
                                    "sizes": []
                                },
                                "pagination_typography_letter_spacing": {
                                    "unit": "px",
                                    "size": 0.5,
                                    "sizes": []
                                },
                                "pagination_color": "#656E78",
                                "pagination_hover_color": "#BA9E52",
                                "pagination_active_color": "#BA9E52"
                            },
                            "elements": [],
                            "isInner": false,
                            "widgetType": "posts",
                            "elType": "widget"
                        }
                    ],
                    "isInner": false,
                    "elType": "column"
                }
            ],
            "isInner": false,
            "elType": "section"
        },
        {
            "id": "1ac5744",
            "settings": {
                "content_width": {
                    "unit": "px",
                    "size": 900,
                    "sizes": []
                },
                "margin": {
                    "unit": "px",
                    "top": "15",
                    "right": 0,
                    "bottom": "30",
                    "left": 0,
                    "isLinked": false
                },
                "padding_tablet": {
                    "unit": "px",
                    "top": "0",
                    "right": "40",
                    "bottom": "0",
                    "left": "40",
                    "isLinked": false
                },
                "padding_mobile": {
                    "unit": "px",
                    "top": "15",
                    "right": "15",
                    "bottom": "15",
                    "left": "15",
                    "isLinked": true
                }
            },
            "elements": [
                {
                    "id": "655aff87",
                    "settings": {
                        "_column_size": 100,
                        "_inline_size": null,
                        "background_background": "classic",
                        "background_color": "#FCFAF6",
                        "box_shadow_box_shadow": {
                            "horizontal": 0,
                            "vertical": 0,
                            "blur": 20,
                            "spread": 0,
                            "color": "rgba(0, 0, 0, 0.1)"
                        },
                        "margin": {
                            "unit": "px",
                            "top": "0",
                            "right": "0",
                            "bottom": "30",
                            "left": "0",
                            "isLinked": false
                        },
                        "padding": {
                            "unit": "px",
                            "top": "80",
                            "right": "80",
                            "bottom": "80",
                            "left": "80",
                            "isLinked": true
                        },
                        "padding_tablet": {
                            "unit": "px",
                            "top": "50",
                            "right": "50",
                            "bottom": "50",
                            "left": "50",
                            "isLinked": true
                        },
                        "padding_mobile": {
                            "unit": "px",
                            "top": "30",
                            "right": "30",
                            "bottom": "30",
                            "left": "30",
                            "isLinked": false
                        },
                        "border_border": "solid",
                        "border_width": {
                            "unit": "px",
                            "top": "10",
                            "right": "10",
                            "bottom": "10",
                            "left": "10",
                            "isLinked": true
                        },
                        "border_color": "#FFFFFF",
                        "box_shadow_box_shadow_type": "yes"
                    },
                    "elements": [
                        {
                            "id": "490ec3bd",
                            "settings": {
                                "_skin": "theme_comments"
                            },
                            "elements": [],
                            "isInner": false,
                            "widgetType": "post-comments",
                            "elType": "widget"
                        }
                    ],
                    "isInner": false,
                    "elType": "column"
                }
            ],
            "isInner": false,
            "elType": "section"
        }
    ],
    "page_settings": {
        "background_background": "classic",
        "background_color": "#FFFFFF",
        "page_template": "elementor_header_footer",
        "content_wrapper_html_tag": "article"
    }
}