{
    "version": "0.4",
    "title": "Single Portfolio",
    "type": "page",
    "metadata": {
        "template_type": "single-page",
        "include_in_zip": "1",
        "elementor_pro_required": "1",
        "wp_page_template": "elementor_header_footer"
    },
    "content": [
        {
            "id": "11efed7e",
            "settings": {
                "background_background": "classic",
                "background_color": "#F0E7D5",
                "margin": {
                    "unit": "px",
                    "top": "0",
                    "right": 0,
                    "bottom": "0",
                    "left": 0,
                    "isLinked": false
                },
                "padding": {
                    "unit": "px",
                    "top": "0",
                    "right": "0",
                    "bottom": "0",
                    "left": "0",
                    "isLinked": false
                },
                "background_image": {
                    "url": "https:\/\/www.memoreel.hocud.com\/wp-content\/uploads\/the-sensual-and-emotional-dance-of-beautiful-ballerina-1.jpg",
                    "id": 1557
                },
                "background_position": "center center",
                "background_attachment": "fixed",
                "background_repeat": "no-repeat",
                "background_size": "cover",
                "background_overlay_background": "classic",
                "background_overlay_opacity": {
                    "unit": "px",
                    "size": 1,
                    "sizes": []
                },
                "content_width": {
                    "unit": "px",
                    "size": 620,
                    "sizes": []
                },
                "background_overlay_color_stop": {
                    "unit": "%",
                    "size": 50,
                    "sizes": []
                },
                "background_overlay_color_b": "rgba(255, 255, 255, 0)",
                "background_overlay_color_b_stop": {
                    "unit": "%",
                    "size": 50,
                    "sizes": []
                },
                "background_overlay_gradient_angle": {
                    "unit": "deg",
                    "size": 90,
                    "sizes": []
                },
                "padding_tablet": {
                    "unit": "px",
                    "top": "0",
                    "right": "80",
                    "bottom": "0",
                    "left": "80",
                    "isLinked": false
                },
                "padding_mobile": {
                    "unit": "px",
                    "top": "60",
                    "right": "10",
                    "bottom": "60",
                    "left": "10",
                    "isLinked": false
                }
            },
            "elements": [
                {
                    "id": "447207ae",
                    "settings": {
                        "_column_size": 100,
                        "_inline_size": null,
                        "background_background": "classic",
                        "background_color": "rgba(240, 231, 213, 0.9215686274509803)",
                        "padding": {
                            "unit": "px",
                            "top": "80",
                            "right": "80",
                            "bottom": "80",
                            "left": "80",
                            "isLinked": true
                        },
                        "padding_mobile": {
                            "unit": "px",
                            "top": "50",
                            "right": "30",
                            "bottom": "50",
                            "left": "30",
                            "isLinked": false
                        }
                    },
                    "elements": [
                        {
                            "id": "4b0dad5a",
                            "settings": {
                                "title": "Model Photography Portfolio",
                                "header_size": "h1",
                                "align": "center",
                                "title_color": "#101112",
                                "eg_tooltip_description": "This is tooltip",
                                "align_mobile": "center",
                                "typography_typography": "custom",
                                "typography_line_height": {
                                    "unit": "em",
                                    "size": 1.4,
                                    "sizes": []
                                }
                            },
                            "elements": [],
                            "isInner": false,
                            "widgetType": "heading",
                            "elType": "widget"
                        },
                        {
                            "id": "67284372",
                            "settings": {
                                "style": "dashed",
                                "align": "center",
                                "look": "line_icon",
                                "text": "Text",
                                "icon": {
                                    "value": "fas fa-camera",
                                    "library": "fa-solid"
                                },
                                "color": "#B7C7DA",
                                "gap": {
                                    "unit": "px",
                                    "size": 10,
                                    "sizes": []
                                },
                                "text_color": "#BA9E52",
                                "typography_typography": "custom",
                                "typography_font_size": {
                                    "unit": "px",
                                    "size": 10,
                                    "sizes": []
                                },
                                "typography_font_weight": "400",
                                "typography_text_transform": "uppercase",
                                "typography_line_height": {
                                    "unit": "em",
                                    "size": 1.5,
                                    "sizes": []
                                },
                                "typography_letter_spacing": {
                                    "unit": "px",
                                    "size": 2,
                                    "sizes": []
                                },
                                "icon_size": {
                                    "unit": "px",
                                    "size": 14,
                                    "sizes": []
                                },
                                "primary_color": "#BA9E52",
                                "icon_spacing": {
                                    "unit": "px",
                                    "size": 12,
                                    "sizes": []
                                },
                                "eg_tooltip_description": "This is tooltip"
                            },
                            "elements": [],
                            "isInner": false,
                            "widgetType": "divider",
                            "elType": "widget"
                        },
                        {
                            "id": "36205807",
                            "settings": {
                                "editor": "<p>Integer posuere erat a ante venenatis dapibus posuere velit aliquet. Vivamus sagittis lacus vel augue laoreet rutrum faucibus.<\/p>",
                                "align": "center",
                                "align_mobile": "center",
                                "text_color": "#101112",
                                "typography_typography": "custom",
                                "typography_font_size": {
                                    "unit": "px",
                                    "size": 18,
                                    "sizes": []
                                },
                                "typography_font_size_mobile": {
                                    "unit": "px",
                                    "size": 16,
                                    "sizes": []
                                },
                                "typography_font_weight": "300",
                                "typography_line_height": {
                                    "unit": "em",
                                    "size": 1.5,
                                    "sizes": []
                                },
                                "typography_letter_spacing": {
                                    "unit": "px",
                                    "size": 0,
                                    "sizes": []
                                },
                                "_margin": {
                                    "unit": "px",
                                    "top": "10",
                                    "right": "0",
                                    "bottom": "0",
                                    "left": "0",
                                    "isLinked": false
                                },
                                "eg_tooltip_description": "This is tooltip"
                            },
                            "elements": [],
                            "isInner": false,
                            "widgetType": "text-editor",
                            "elType": "widget"
                        },
                        {
                            "id": "4b2824f4",
                            "settings": {
                                "view": "inline",
                                "icon_list": [
                                    {
                                        "text": "+1 2345 234 780",
                                        "selected_icon": {
                                            "value": "fas fa-phone",
                                            "library": "fa-solid"
                                        },
                                        "_id": "33fb2c0",
                                        "link": {
                                            "url": "",
                                            "is_external": "",
                                            "nofollow": "",
                                            "custom_attributes": ""
                                        },
                                        "__dynamic__": []
                                    },
                                    {
                                        "text": "hello@hocud.com",
                                        "selected_icon": {
                                            "value": "fas fa-envelope-open",
                                            "library": "fa-solid"
                                        },
                                        "link": {
                                            "url": "",
                                            "is_external": "",
                                            "nofollow": "",
                                            "custom_attributes": ""
                                        },
                                        "__dynamic__": [],
                                        "_id": "06e99dd"
                                    },
                                    {
                                        "text": "View Pricing",
                                        "selected_icon": {
                                            "value": "fas fa-tags",
                                            "library": "fa-solid"
                                        },
                                        "link": {
                                            "url": "#",
                                            "is_external": "",
                                            "nofollow": "",
                                            "custom_attributes": ""
                                        },
                                        "__dynamic__": [],
                                        "_id": "a7b839b"
                                    }
                                ],
                                "space_between": {
                                    "unit": "px",
                                    "size": 30,
                                    "sizes": []
                                },
                                "icon_align": "center",
                                "icon_align_mobile": "center",
                                "divider_color": "rgba(255, 255, 255, 0.34)",
                                "icon_color": "rgba(255, 255, 255, 0.76)",
                                "icon_color_hover": "#BA9E52",
                                "icon_size": {
                                    "unit": "px",
                                    "size": 12,
                                    "sizes": []
                                },
                                "icon_self_align": "left",
                                "text_color": "#101112",
                                "text_color_hover": "#54595F",
                                "icon_typography_typography": "custom",
                                "icon_typography_font_size": {
                                    "unit": "px",
                                    "size": 13,
                                    "sizes": []
                                },
                                "icon_typography_font_weight": "400",
                                "icon_typography_line_height_mobile": {
                                    "unit": "em",
                                    "size": 2.4,
                                    "sizes": []
                                },
                                "icon_typography_letter_spacing": {
                                    "unit": "px",
                                    "size": 0.3,
                                    "sizes": []
                                },
                                "_margin": {
                                    "unit": "px",
                                    "top": "0",
                                    "right": "0",
                                    "bottom": "0",
                                    "left": "0",
                                    "isLinked": false
                                },
                                "_margin_mobile": {
                                    "unit": "px",
                                    "top": "0",
                                    "right": "0",
                                    "bottom": "0",
                                    "left": "0",
                                    "isLinked": false
                                },
                                "_padding": {
                                    "unit": "px",
                                    "top": "6",
                                    "right": "6",
                                    "bottom": "6",
                                    "left": "6",
                                    "isLinked": true
                                },
                                "_padding_mobile": {
                                    "unit": "px",
                                    "top": "15",
                                    "right": "30",
                                    "bottom": "15",
                                    "left": "30",
                                    "isLinked": false
                                },
                                "eg_tooltip_description": "This is tooltip",
                                "_background_background": "classic",
                                "_background_color": "rgba(16, 17, 18, 0.07)",
                                "_border_width": {
                                    "unit": "px",
                                    "top": "1",
                                    "right": "1",
                                    "bottom": "1",
                                    "left": "1",
                                    "isLinked": true
                                },
                                "_border_color": "#FFFFFF"
                            },
                            "elements": [],
                            "isInner": false,
                            "widgetType": "icon-list",
                            "elType": "widget"
                        }
                    ],
                    "isInner": false,
                    "elType": "column"
                }
            ],
            "isInner": false,
            "elType": "section"
        },
        {
            "id": "1eab5cfa",
            "settings": {
                "layout": "full_width",
                "padding": {
                    "unit": "px",
                    "top": "100",
                    "right": "0",
                    "bottom": "0",
                    "left": "0",
                    "isLinked": false
                }
            },
            "elements": [
                {
                    "id": "16e6fc83",
                    "settings": {
                        "_column_size": 100,
                        "_inline_size": null
                    },
                    "elements": [
                        {
                            "id": "57061645",
                            "settings": {
                                "gallery_type": "multiple",
                                "galleries": [
                                    {
                                        "gallery_title": "Keitha Kyser",
                                        "multiple_gallery": [
                                            {
                                                "id": 437,
                                                "url": "https:\/\/www.memoreel.hocud.com\/wp-content\/uploads\/beautiful-sexy-woman-with-a-red-lips.jpg"
                                            },
                                            {
                                                "id": 436,
                                                "url": "https:\/\/www.memoreel.hocud.com\/wp-content\/uploads\/beautiful-woman.jpg"
                                            },
                                            {
                                                "id": 435,
                                                "url": "https:\/\/www.memoreel.hocud.com\/wp-content\/uploads\/beautiful-woman-with-a-stylish-hairstyle-4.jpg"
                                            },
                                            {
                                                "id": 434,
                                                "url": "https:\/\/www.memoreel.hocud.com\/wp-content\/uploads\/beautiful-woman-with-a-stylish-hairstyle-3.jpg"
                                            },
                                            {
                                                "id": 433,
                                                "url": "https:\/\/www.memoreel.hocud.com\/wp-content\/uploads\/model-with-a-stylish-hairstyle-1.jpg"
                                            },
                                            {
                                                "id": 430,
                                                "url": "https:\/\/www.memoreel.hocud.com\/wp-content\/uploads\/beautiful-woman-with-a-stylish-hairstyle-2.jpg"
                                            },
                                            {
                                                "id": 429,
                                                "url": "https:\/\/www.memoreel.hocud.com\/wp-content\/uploads\/beautiful-woman-with-a-stylish-hairstyle-1.jpg"
                                            },
                                            {
                                                "id": 428,
                                                "url": "https:\/\/www.memoreel.hocud.com\/wp-content\/uploads\/beautiful-woman-with-a-stylish-hairstyle.jpg"
                                            },
                                            {
                                                "id": 427,
                                                "url": "https:\/\/www.memoreel.hocud.com\/wp-content\/uploads\/model-with-a-stylish-hairstyle.jpg"
                                            }
                                        ],
                                        "_id": "2c6bc97"
                                    },
                                    {
                                        "gallery_title": "Elise Engler",
                                        "multiple_gallery": [
                                            {
                                                "id": 426,
                                                "url": "https:\/\/www.memoreel.hocud.com\/wp-content\/uploads\/beautiful-redhead-girl-with-style-hairstyle-1-1.jpg"
                                            },
                                            {
                                                "id": 424,
                                                "url": "https:\/\/www.memoreel.hocud.com\/wp-content\/uploads\/closeup-portrait-of-young-beautiful-woman.jpg"
                                            },
                                            {
                                                "id": 421,
                                                "url": "https:\/\/www.memoreel.hocud.com\/wp-content\/uploads\/beautiful-redhead-girl-with-style-hairstyle-.jpg"
                                            },
                                            {
                                                "id": 419,
                                                "url": "https:\/\/www.memoreel.hocud.com\/wp-content\/uploads\/closeup-face-of-a-fashion-woman-with-stylish-makeup-red-nails-a.jpg"
                                            },
                                            {
                                                "id": 418,
                                                "url": "https:\/\/www.memoreel.hocud.com\/wp-content\/uploads\/portrait-of-beautiful-young-woman-with-long-straight-brown-hair-1-4.jpg"
                                            },
                                            {
                                                "id": 417,
                                                "url": "https:\/\/www.memoreel.hocud.com\/wp-content\/uploads\/beautiful-young-woman-with-long-straight-brown-hair-.jpg"
                                            },
                                            {
                                                "id": 416,
                                                "url": "https:\/\/www.memoreel.hocud.com\/wp-content\/uploads\/portrait-of-beautiful-young-woman-with-long-straight-brown-hair-1-3.jpg"
                                            },
                                            {
                                                "id": 415,
                                                "url": "https:\/\/www.memoreel.hocud.com\/wp-content\/uploads\/portrait-of-beautiful-young-woman-with-long-straight-brown-hair-1-2.jpg"
                                            },
                                            {
                                                "id": 414,
                                                "url": "https:\/\/www.memoreel.hocud.com\/wp-content\/uploads\/portrait-of-beautiful-young-woman-with-long-straight-brown-hair-1-1.jpg"
                                            },
                                            {
                                                "id": 411,
                                                "url": "https:\/\/www.memoreel.hocud.com\/wp-content\/uploads\/portrait-of-beautiful-young-woman-with-long-straight-brown-hair-.jpg"
                                            }
                                        ],
                                        "_id": "5cc1066"
                                    },
                                    {
                                        "gallery_title": "Joan Jobin",
                                        "multiple_gallery": [
                                            {
                                                "id": 458,
                                                "url": "https:\/\/www.memoreel.hocud.com\/wp-content\/uploads\/young-businessman-going-to-the-work-with-coffee-2.jpg"
                                            },
                                            {
                                                "id": 457,
                                                "url": "https:\/\/www.memoreel.hocud.com\/wp-content\/uploads\/confident-young-man-walking-on-a-european-city-street-4.jpg"
                                            },
                                            {
                                                "id": 456,
                                                "url": "https:\/\/www.memoreel.hocud.com\/wp-content\/uploads\/young-businessman-going-to-the-work-with-coffee-1.jpg"
                                            },
                                            {
                                                "id": 451,
                                                "url": "https:\/\/www.memoreel.hocud.com\/wp-content\/uploads\/confident-young-man-walking-on-a-european-city-street.jpg"
                                            },
                                            {
                                                "id": 452,
                                                "url": "https:\/\/www.memoreel.hocud.com\/wp-content\/uploads\/confident-young-man-walking-on-a-european-city-street-1.jpg"
                                            },
                                            {
                                                "id": 453,
                                                "url": "https:\/\/www.memoreel.hocud.com\/wp-content\/uploads\/confident-young-man-walking-on-a-european-city-street-2.jpg"
                                            },
                                            {
                                                "id": 454,
                                                "url": "https:\/\/www.memoreel.hocud.com\/wp-content\/uploads\/confident-young-man-walking-on-a-european-city-street-3.jpg"
                                            },
                                            {
                                                "id": 455,
                                                "url": "https:\/\/www.memoreel.hocud.com\/wp-content\/uploads\/young-businessman-going-to-the-work-with-coffee.jpg"
                                            }
                                        ],
                                        "_id": "b32a076"
                                    },
                                    {
                                        "gallery_title": "Leon Leitch",
                                        "multiple_gallery": [
                                            {
                                                "id": 475,
                                                "url": "https:\/\/www.memoreel.hocud.com\/wp-content\/uploads\/hipster-style-bearded-man-12.jpg"
                                            },
                                            {
                                                "id": 472,
                                                "url": "https:\/\/www.memoreel.hocud.com\/wp-content\/uploads\/hipster-style-bearded-man-10.jpg"
                                            },
                                            {
                                                "id": 471,
                                                "url": "https:\/\/www.memoreel.hocud.com\/wp-content\/uploads\/hipster-style-bearded-man-9.jpg"
                                            },
                                            {
                                                "id": 469,
                                                "url": "https:\/\/www.memoreel.hocud.com\/wp-content\/uploads\/hipster-style-bearded-man-7.jpg"
                                            },
                                            {
                                                "id": 466,
                                                "url": "https:\/\/www.memoreel.hocud.com\/wp-content\/uploads\/hipster-style-bearded-man-4.jpg"
                                            },
                                            {
                                                "id": 465,
                                                "url": "https:\/\/www.memoreel.hocud.com\/wp-content\/uploads\/hipster-style-bearded-man-3.jpg"
                                            },
                                            {
                                                "id": 464,
                                                "url": "https:\/\/www.memoreel.hocud.com\/wp-content\/uploads\/hipster-style-bearded-man-2.jpg"
                                            },
                                            {
                                                "id": 467,
                                                "url": "https:\/\/www.memoreel.hocud.com\/wp-content\/uploads\/hipster-style-bearded-man-5.jpg"
                                            }
                                        ],
                                        "_id": "9ab97e6"
                                    }
                                ],
                                "order_by": "random",
                                "gallery_layout": "justified",
                                "columns": 6,
                                "ideal_row_height": {
                                    "unit": "px",
                                    "size": 400,
                                    "sizes": []
                                },
                                "thumbnail_image_size": "medium_large",
                                "thumbnail_image_custom_dimension": {
                                    "width": "300",
                                    "height": "600"
                                },
                                "show_all_galleries_label": "All",
                                "pointer": "framed",
                                "animation_framed": "corners",
                                "overlay_title": "title",
                                "overlay_background_hover_color": "rgba(16, 17, 18, 0.49)",
                                "background_overlay_hover_animation": "enter-from-top",
                                "content_vertical_position": "bottom",
                                "title_color": "#F0E7D5",
                                "title_typography_typography": "custom",
                                "title_typography_font_size": {
                                    "unit": "px",
                                    "size": 14,
                                    "sizes": []
                                },
                                "title_typography_font_weight": "300",
                                "title_typography_line_height": {
                                    "unit": "em",
                                    "size": 1.5,
                                    "sizes": []
                                },
                                "content_hover_animation": "enter-from-bottom",
                                "content_sequenced_animation": "yes",
                                "align_filter_bar_items": "center",
                                "galleries_title_color_normal": "rgba(101, 110, 120, 0.77)",
                                "galleries_titles_typography_typography": "custom",
                                "galleries_titles_typography_font_size": {
                                    "unit": "px",
                                    "size": 12,
                                    "sizes": []
                                },
                                "galleries_titles_typography_font_weight": "500",
                                "galleries_titles_typography_text_transform": "uppercase",
                                "galleries_titles_typography_line_height": {
                                    "unit": "em",
                                    "size": 1.5,
                                    "sizes": []
                                },
                                "galleries_titles_typography_letter_spacing": {
                                    "unit": "px",
                                    "size": 0.3,
                                    "sizes": []
                                },
                                "galleries_title_color_hover": "#BA9E52",
                                "galleries_pointer_color_hover": "#F0E7D5",
                                "galleries_title_color_active": "#BA9E52",
                                "galleries_pointer_color_active": "#BA9E52",
                                "pointer_width": {
                                    "unit": "px",
                                    "size": 1,
                                    "sizes": []
                                },
                                "galleries_titles_gap": {
                                    "unit": "px",
                                    "size": 30,
                                    "sizes": []
                                },
                                "eg_tooltip_description": "This is tooltip",
                                "ideal_row_height_tablet": {
                                    "unit": "px",
                                    "size": 200,
                                    "sizes": []
                                },
                                "ideal_row_height_mobile": {
                                    "unit": "px",
                                    "size": 120,
                                    "sizes": []
                                }
                            },
                            "elements": [],
                            "isInner": false,
                            "widgetType": "gallery",
                            "elType": "widget"
                        }
                    ],
                    "isInner": false,
                    "elType": "column"
                }
            ],
            "isInner": false,
            "elType": "section"
        },
        {
            "id": "2a46956a",
            "settings": {
                "background_background": "classic",
                "background_color": "#F0E7D5",
                "margin": {
                    "unit": "px",
                    "top": "0",
                    "right": 0,
                    "bottom": "0",
                    "left": 0,
                    "isLinked": false
                },
                "padding": {
                    "unit": "px",
                    "top": "20",
                    "right": "0",
                    "bottom": "20",
                    "left": "0",
                    "isLinked": false
                }
            },
            "elements": [
                {
                    "id": "bfe7b1c",
                    "settings": {
                        "_column_size": 100,
                        "_inline_size": null
                    },
                    "elements": [
                        {
                            "id": "1ea8663a",
                            "settings": {
                                "title": "Share & Spread",
                                "header_size": "h5",
                                "align": "center",
                                "title_color": "#101112",
                                "eg_tooltip_description": "This is tooltip",
                                "typography_typography": "custom",
                                "typography_text_transform": "capitalize",
                                "typography_line_height": {
                                    "unit": "em",
                                    "size": 1.4,
                                    "sizes": []
                                }
                            },
                            "elements": [],
                            "isInner": false,
                            "widgetType": "heading",
                            "elType": "widget"
                        },
                        {
                            "id": "685bb188",
                            "settings": {
                                "share_buttons": [
                                    {
                                        "button": "facebook",
                                        "_id": "7b76376",
                                        "text": ""
                                    },
                                    {
                                        "button": "twitter",
                                        "_id": "a0e896d",
                                        "text": ""
                                    },
                                    {
                                        "button": "linkedin",
                                        "_id": "063729b",
                                        "text": ""
                                    },
                                    {
                                        "button": "pinterest",
                                        "text": "",
                                        "_id": "3a537a5"
                                    },
                                    {
                                        "button": "tumblr",
                                        "text": "",
                                        "_id": "87d6ab5"
                                    },
                                    {
                                        "button": "pocket",
                                        "text": "",
                                        "_id": "fcd4e5b"
                                    },
                                    {
                                        "button": "telegram",
                                        "text": "",
                                        "_id": "b4ff9d9"
                                    },
                                    {
                                        "button": "whatsapp",
                                        "text": "",
                                        "_id": "91b1a21"
                                    }
                                ],
                                "view": "icon",
                                "skin": "boxed",
                                "alignment": "center",
                                "button_size": {
                                    "unit": "px",
                                    "size": 0.65,
                                    "sizes": []
                                },
                                "icon_size": {
                                    "unit": "em",
                                    "size": 2.5,
                                    "sizes": []
                                },
                                "primary_color": "#FFFFFF",
                                "secondary_color": "#BA9E52",
                                "primary_color_hover": "#101112",
                                "secondary_color_hover": "#BA9E52",
                                "eg_tooltip_description": "This is tooltip"
                            },
                            "elements": [],
                            "isInner": false,
                            "widgetType": "share-buttons",
                            "elType": "widget"
                        }
                    ],
                    "isInner": false,
                    "elType": "column"
                }
            ],
            "isInner": false,
            "elType": "section"
        },
        {
            "id": "5b23f07d",
            "settings": {
                "layout": "full_width",
                "height": "min-height",
                "custom_height": {
                    "unit": "px",
                    "size": 600,
                    "sizes": []
                },
                "background_background": "classic",
                "background_image": {
                    "url": "https:\/\/www.memoreel.hocud.com\/wp-content\/uploads\/portrait-of-beautiful-bride-wedding-photo-1.jpg",
                    "id": 1588
                },
                "background_position": "center center",
                "background_attachment": "fixed",
                "background_repeat": "no-repeat",
                "background_size": "cover"
            },
            "elements": [
                {
                    "id": "1da7696a",
                    "settings": {
                        "_column_size": 100,
                        "_inline_size": null
                    },
                    "elements": [],
                    "isInner": false,
                    "elType": "column"
                }
            ],
            "isInner": false,
            "elType": "section"
        },
        {
            "id": "8e13c30",
            "settings": {
                "gap": "no",
                "custom_height": {
                    "unit": "px",
                    "size": 500
                },
                "content_position": "middle",
                "background_background": "classic",
                "background_image": {
                    "id": 1545,
                    "url": "https:\/\/www.memoreel.hocud.com\/wp-content\/uploads\/photography-1.jpg"
                },
                "background_position": "center center",
                "background_size": "cover",
                "background_overlay_background": "classic",
                "background_overlay_color": "#F0E7D5",
                "background_overlay_opacity": {
                    "unit": "px",
                    "size": 0.93
                },
                "padding": {
                    "unit": "px",
                    "top": "100",
                    "right": "0",
                    "bottom": "100",
                    "left": "0",
                    "isLinked": false
                },
                "padding_tablet": {
                    "unit": "px",
                    "top": "100",
                    "right": "40",
                    "bottom": "100",
                    "left": "40",
                    "isLinked": false
                },
                "padding_mobile": {
                    "unit": "px",
                    "top": "60",
                    "right": "30",
                    "bottom": "60",
                    "left": "30",
                    "isLinked": false
                },
                "content_width": {
                    "unit": "px",
                    "size": 600,
                    "sizes": []
                },
                "background_repeat": "no-repeat"
            },
            "elements": [
                {
                    "id": "4b018373",
                    "settings": {
                        "_column_size": 100
                    },
                    "elements": [
                        {
                            "id": "4b839b3c",
                            "settings": {
                                "selected_icon": {
                                    "value": "fas fa-camera",
                                    "library": "fa-solid"
                                },
                                "primary_color": "#BA9E52",
                                "hover_primary_color": "#101112",
                                "size_mobile": {
                                    "unit": "px",
                                    "size": 32,
                                    "sizes": []
                                }
                            },
                            "elements": [],
                            "isInner": false,
                            "widgetType": "icon",
                            "elType": "widget"
                        },
                        {
                            "id": "10823564",
                            "settings": {
                                "title": "Keep your memory forever with a colorful way.",
                                "align": "center",
                                "title_color": "#101112",
                                "typography_typography": "custom",
                                "typography_font_size": {
                                    "unit": "px",
                                    "size": 36
                                },
                                "typography_font_weight": "400",
                                "typography_font_size_mobile": {
                                    "unit": "px",
                                    "size": 30
                                },
                                "header_size": "h3",
                                "typography_line_height": {
                                    "unit": "em",
                                    "size": 1.4,
                                    "sizes": []
                                }
                            },
                            "elements": [],
                            "isInner": false,
                            "widgetType": "heading",
                            "elType": "widget"
                        },
                        {
                            "id": "3af60487",
                            "settings": {
                                "title": "Nullam id dolor id nibh ultricies vehicula ut id elit. Maecenas sed diam eget risus varius blandit sit amet non magna.",
                                "header_size": "p",
                                "align": "center",
                                "title_color": "#101112",
                                "typography_typography": "custom",
                                "typography_font_size": {
                                    "unit": "px",
                                    "size": 18
                                },
                                "typography_font_weight": "300",
                                "typography_letter_spacing": {
                                    "unit": "px",
                                    "size": 0
                                },
                                "typography_line_height_mobile": {
                                    "unit": "px",
                                    "size": ""
                                },
                                "typography_line_height": {
                                    "unit": "em",
                                    "size": 1.7,
                                    "sizes": []
                                },
                                "_margin": {
                                    "unit": "px",
                                    "top": "15",
                                    "right": "0",
                                    "bottom": "15",
                                    "left": "0",
                                    "isLinked": false
                                }
                            },
                            "elements": [],
                            "isInner": false,
                            "widgetType": "heading",
                            "elType": "widget"
                        },
                        {
                            "id": "2aea305f",
                            "settings": {
                                "text": "Get Started",
                                "align": "center",
                                "_margin": {
                                    "unit": "px",
                                    "top": "0",
                                    "right": "0",
                                    "bottom": "15",
                                    "left": "0",
                                    "isLinked": false
                                },
                                "align_mobile": "justify"
                            },
                            "elements": [],
                            "isInner": false,
                            "widgetType": "button",
                            "elType": "widget"
                        },
                        {
                            "id": "1e8b7627",
                            "settings": {
                                "view": "inline",
                                "icon_list": [
                                    {
                                        "text": "+1 2345 234 780",
                                        "selected_icon": {
                                            "value": "fas fa-phone",
                                            "library": "fa-solid"
                                        },
                                        "_id": "33fb2c0",
                                        "link": {
                                            "url": "",
                                            "is_external": "",
                                            "nofollow": "",
                                            "custom_attributes": ""
                                        },
                                        "__dynamic__": []
                                    },
                                    {
                                        "text": "hello@hocud.com",
                                        "selected_icon": {
                                            "value": "fas fa-envelope-open",
                                            "library": "fa-solid"
                                        },
                                        "link": {
                                            "url": "",
                                            "is_external": "",
                                            "nofollow": "",
                                            "custom_attributes": ""
                                        },
                                        "__dynamic__": [],
                                        "_id": "06e99dd"
                                    },
                                    {
                                        "text": "View Pricing",
                                        "selected_icon": {
                                            "value": "fas fa-tags",
                                            "library": "fa-solid"
                                        },
                                        "link": {
                                            "url": "#",
                                            "is_external": "",
                                            "nofollow": "",
                                            "custom_attributes": ""
                                        },
                                        "__dynamic__": [],
                                        "_id": "a7b839b"
                                    }
                                ],
                                "space_between": {
                                    "unit": "px",
                                    "size": 30,
                                    "sizes": []
                                },
                                "icon_align": "center",
                                "icon_align_mobile": "center",
                                "divider_color": "rgba(255, 255, 255, 0.34)",
                                "icon_color": "rgba(255, 255, 255, 0.76)",
                                "icon_color_hover": "#BA9E52",
                                "icon_size": {
                                    "unit": "px",
                                    "size": 12,
                                    "sizes": []
                                },
                                "icon_self_align": "left",
                                "text_color": "#101112",
                                "text_color_hover": "#54595F",
                                "icon_typography_typography": "custom",
                                "icon_typography_font_size": {
                                    "unit": "px",
                                    "size": 13,
                                    "sizes": []
                                },
                                "icon_typography_font_weight": "400",
                                "icon_typography_line_height_mobile": {
                                    "unit": "em",
                                    "size": 2.4,
                                    "sizes": []
                                },
                                "icon_typography_letter_spacing": {
                                    "unit": "px",
                                    "size": 0.3,
                                    "sizes": []
                                },
                                "_margin": {
                                    "unit": "px",
                                    "top": "0",
                                    "right": "0",
                                    "bottom": "0",
                                    "left": "0",
                                    "isLinked": false
                                },
                                "_margin_mobile": {
                                    "unit": "px",
                                    "top": "0",
                                    "right": "0",
                                    "bottom": "0",
                                    "left": "0",
                                    "isLinked": false
                                },
                                "_padding": {
                                    "unit": "px",
                                    "top": "6",
                                    "right": "6",
                                    "bottom": "6",
                                    "left": "6",
                                    "isLinked": true
                                },
                                "_padding_mobile": {
                                    "unit": "px",
                                    "top": "15",
                                    "right": "30",
                                    "bottom": "15",
                                    "left": "30",
                                    "isLinked": false
                                },
                                "eg_tooltip_description": "This is tooltip",
                                "_background_background": "classic",
                                "_background_color": "rgba(16, 17, 18, 0.07)",
                                "_border_width": {
                                    "unit": "px",
                                    "top": "1",
                                    "right": "1",
                                    "bottom": "1",
                                    "left": "1",
                                    "isLinked": true
                                },
                                "_border_color": "#FFFFFF"
                            },
                            "elements": [],
                            "isInner": false,
                            "widgetType": "icon-list",
                            "elType": "widget"
                        }
                    ],
                    "isInner": false,
                    "elType": "column"
                }
            ],
            "isInner": false,
            "elType": "section"
        }
    ],
    "page_settings": {
        "hide_title": "yes",
        "template": "elementor_header_footer"
    }
}