{
    "version": "0.4",
    "title": "Single Case Study",
    "type": "page",
    "metadata": {
        "template_type": "single-page",
        "include_in_zip": "1",
        "elementor_pro_required": "1",
        "wp_page_template": "elementor_header_footer"
    },
    "content": [
        {
            "id": "746c1187",
            "settings": {
                "background_background": "classic",
                "background_color": "#F0E7D5",
                "margin": {
                    "unit": "px",
                    "top": "0",
                    "right": 0,
                    "bottom": "0",
                    "left": 0,
                    "isLinked": false
                },
                "padding": {
                    "unit": "px",
                    "top": "0",
                    "right": "0",
                    "bottom": "0",
                    "left": "0",
                    "isLinked": false
                },
                "background_image": {
                    "url": "https:\/\/www.memoreel.hocud.com\/wp-content\/uploads\/beach.jpg",
                    "id": 1632
                },
                "background_position": "center center",
                "background_attachment": "fixed",
                "background_repeat": "no-repeat",
                "background_size": "cover",
                "background_overlay_background": "classic",
                "background_overlay_opacity": {
                    "unit": "px",
                    "size": 1,
                    "sizes": []
                },
                "content_width": {
                    "unit": "px",
                    "size": 700,
                    "sizes": []
                },
                "background_overlay_color_stop": {
                    "unit": "%",
                    "size": 50,
                    "sizes": []
                },
                "background_overlay_color_b": "rgba(255, 255, 255, 0)",
                "background_overlay_color_b_stop": {
                    "unit": "%",
                    "size": 50,
                    "sizes": []
                },
                "background_overlay_gradient_angle": {
                    "unit": "deg",
                    "size": 90,
                    "sizes": []
                },
                "padding_tablet": {
                    "unit": "px",
                    "top": "0",
                    "right": "80",
                    "bottom": "0",
                    "left": "80",
                    "isLinked": false
                },
                "padding_mobile": {
                    "unit": "px",
                    "top": "60",
                    "right": "10",
                    "bottom": "60",
                    "left": "10",
                    "isLinked": false
                }
            },
            "elements": [
                {
                    "id": "18ff515b",
                    "settings": {
                        "_column_size": 100,
                        "_inline_size": null,
                        "background_background": "classic",
                        "background_color": "rgba(240, 231, 213, 0.9215686274509803)",
                        "padding": {
                            "unit": "px",
                            "top": "80",
                            "right": "80",
                            "bottom": "80",
                            "left": "80",
                            "isLinked": true
                        },
                        "padding_mobile": {
                            "unit": "px",
                            "top": "50",
                            "right": "30",
                            "bottom": "50",
                            "left": "30",
                            "isLinked": false
                        }
                    },
                    "elements": [
                        {
                            "id": "2d0dd403",
                            "settings": {
                                "title": "Eden Tropical Resort Case Study",
                                "header_size": "h1",
                                "align": "center",
                                "title_color": "#101112",
                                "eg_tooltip_description": "This is tooltip",
                                "align_mobile": "center",
                                "typography_typography": "custom",
                                "typography_line_height": {
                                    "unit": "em",
                                    "size": 1.4,
                                    "sizes": []
                                }
                            },
                            "elements": [],
                            "isInner": false,
                            "widgetType": "heading",
                            "elType": "widget"
                        },
                        {
                            "id": "340cae30",
                            "settings": {
                                "style": "dashed",
                                "align": "center",
                                "look": "line_icon",
                                "text": "Text",
                                "icon": {
                                    "value": "fas fa-camera",
                                    "library": "fa-solid"
                                },
                                "color": "#B7C7DA",
                                "gap": {
                                    "unit": "px",
                                    "size": 10,
                                    "sizes": []
                                },
                                "text_color": "#BA9E52",
                                "typography_typography": "custom",
                                "typography_font_size": {
                                    "unit": "px",
                                    "size": 10,
                                    "sizes": []
                                },
                                "typography_font_weight": "400",
                                "typography_text_transform": "uppercase",
                                "typography_line_height": {
                                    "unit": "em",
                                    "size": 1.5,
                                    "sizes": []
                                },
                                "typography_letter_spacing": {
                                    "unit": "px",
                                    "size": 2,
                                    "sizes": []
                                },
                                "icon_size": {
                                    "unit": "px",
                                    "size": 14,
                                    "sizes": []
                                },
                                "primary_color": "#BA9E52",
                                "icon_spacing": {
                                    "unit": "px",
                                    "size": 12,
                                    "sizes": []
                                },
                                "eg_tooltip_description": "This is tooltip"
                            },
                            "elements": [],
                            "isInner": false,
                            "widgetType": "divider",
                            "elType": "widget"
                        },
                        {
                            "id": "44cab38c",
                            "settings": {
                                "editor": "<p>Integer posuere erat a ante venenatis dapibus posuere velit aliquet. Vivamus sagittis lacus vel augue laoreet rutrum faucibus.<\/p>",
                                "align": "center",
                                "align_mobile": "center",
                                "text_color": "#101112",
                                "typography_typography": "custom",
                                "typography_font_size": {
                                    "unit": "px",
                                    "size": 18,
                                    "sizes": []
                                },
                                "typography_font_size_mobile": {
                                    "unit": "px",
                                    "size": 16,
                                    "sizes": []
                                },
                                "typography_font_weight": "300",
                                "typography_line_height": {
                                    "unit": "em",
                                    "size": 1.5,
                                    "sizes": []
                                },
                                "typography_letter_spacing": {
                                    "unit": "px",
                                    "size": 0,
                                    "sizes": []
                                },
                                "_margin": {
                                    "unit": "px",
                                    "top": "10",
                                    "right": "0",
                                    "bottom": "0",
                                    "left": "0",
                                    "isLinked": false
                                },
                                "eg_tooltip_description": "This is tooltip"
                            },
                            "elements": [],
                            "isInner": false,
                            "widgetType": "text-editor",
                            "elType": "widget"
                        },
                        {
                            "id": "4b4700f6",
                            "settings": {
                                "view": "inline",
                                "icon_list": [
                                    {
                                        "text": "+1 2345 234 780",
                                        "selected_icon": {
                                            "value": "fas fa-phone",
                                            "library": "fa-solid"
                                        },
                                        "_id": "33fb2c0",
                                        "link": {
                                            "url": "",
                                            "is_external": "",
                                            "nofollow": "",
                                            "custom_attributes": ""
                                        },
                                        "__dynamic__": []
                                    },
                                    {
                                        "text": "hello@hocud.com",
                                        "selected_icon": {
                                            "value": "fas fa-envelope-open",
                                            "library": "fa-solid"
                                        },
                                        "link": {
                                            "url": "",
                                            "is_external": "",
                                            "nofollow": "",
                                            "custom_attributes": ""
                                        },
                                        "__dynamic__": [],
                                        "_id": "06e99dd"
                                    },
                                    {
                                        "text": "View Pricing",
                                        "selected_icon": {
                                            "value": "fas fa-tags",
                                            "library": "fa-solid"
                                        },
                                        "link": {
                                            "url": "#",
                                            "is_external": "",
                                            "nofollow": "",
                                            "custom_attributes": ""
                                        },
                                        "__dynamic__": [],
                                        "_id": "a7b839b"
                                    }
                                ],
                                "space_between": {
                                    "unit": "px",
                                    "size": 30,
                                    "sizes": []
                                },
                                "icon_align": "center",
                                "icon_align_mobile": "center",
                                "divider_color": "rgba(255, 255, 255, 0.34)",
                                "icon_color": "rgba(255, 255, 255, 0.76)",
                                "icon_color_hover": "#BA9E52",
                                "icon_size": {
                                    "unit": "px",
                                    "size": 12,
                                    "sizes": []
                                },
                                "icon_self_align": "left",
                                "text_color": "#101112",
                                "text_color_hover": "#54595F",
                                "icon_typography_typography": "custom",
                                "icon_typography_font_size": {
                                    "unit": "px",
                                    "size": 13,
                                    "sizes": []
                                },
                                "icon_typography_font_weight": "400",
                                "icon_typography_line_height_mobile": {
                                    "unit": "em",
                                    "size": 2.4,
                                    "sizes": []
                                },
                                "icon_typography_letter_spacing": {
                                    "unit": "px",
                                    "size": 0.3,
                                    "sizes": []
                                },
                                "_margin": {
                                    "unit": "px",
                                    "top": "0",
                                    "right": "0",
                                    "bottom": "0",
                                    "left": "0",
                                    "isLinked": false
                                },
                                "_margin_mobile": {
                                    "unit": "px",
                                    "top": "0",
                                    "right": "0",
                                    "bottom": "0",
                                    "left": "0",
                                    "isLinked": false
                                },
                                "_padding": {
                                    "unit": "px",
                                    "top": "6",
                                    "right": "6",
                                    "bottom": "6",
                                    "left": "6",
                                    "isLinked": true
                                },
                                "_padding_mobile": {
                                    "unit": "px",
                                    "top": "15",
                                    "right": "30",
                                    "bottom": "15",
                                    "left": "30",
                                    "isLinked": false
                                },
                                "eg_tooltip_description": "This is tooltip",
                                "_background_background": "classic",
                                "_background_color": "rgba(16, 17, 18, 0.07)",
                                "_border_width": {
                                    "unit": "px",
                                    "top": "1",
                                    "right": "1",
                                    "bottom": "1",
                                    "left": "1",
                                    "isLinked": true
                                },
                                "_border_color": "#FFFFFF"
                            },
                            "elements": [],
                            "isInner": false,
                            "widgetType": "icon-list",
                            "elType": "widget"
                        }
                    ],
                    "isInner": false,
                    "elType": "column"
                }
            ],
            "isInner": false,
            "elType": "section"
        },
        {
            "id": "28fec6e5",
            "settings": {
                "gap": "wide",
                "content_position": "middle",
                "structure": "21",
                "padding": {
                    "unit": "px",
                    "top": "100",
                    "right": "0",
                    "bottom": "100",
                    "left": "0",
                    "isLinked": false
                }
            },
            "elements": [
                {
                    "id": "19d97d03",
                    "settings": {
                        "_column_size": 33,
                        "_inline_size": null,
                        "background_background": "classic",
                        "background_color": "#FFFFFF",
                        "z_index": 1,
                        "_inline_size_tablet": 50
                    },
                    "elements": [
                        {
                            "id": "78a92daf",
                            "settings": {
                                "title": "Overview",
                                "typography_typography": "custom",
                                "typography_line_height": {
                                    "unit": "em",
                                    "size": 1.4,
                                    "sizes": []
                                },
                                "eg_tooltip_description": "This is tooltip"
                            },
                            "elements": [],
                            "isInner": false,
                            "widgetType": "heading",
                            "elType": "widget"
                        },
                        {
                            "id": "32747c67",
                            "settings": {
                                "icon_list": [
                                    {
                                        "text": "Cox's Bazar, Bangladesh",
                                        "selected_icon": {
                                            "value": "fas fa-map-marker-alt",
                                            "library": "fa-solid"
                                        },
                                        "_id": "6e67456",
                                        "link": {
                                            "url": "",
                                            "is_external": "",
                                            "nofollow": "",
                                            "custom_attributes": ""
                                        }
                                    },
                                    {
                                        "text": "Corporate Photography",
                                        "selected_icon": {
                                            "value": "fas fa-camera",
                                            "library": "fa-solid"
                                        },
                                        "link": {
                                            "url": "",
                                            "is_external": "",
                                            "nofollow": "",
                                            "custom_attributes": ""
                                        },
                                        "_id": "8e67698"
                                    },
                                    {
                                        "text": "Client URL",
                                        "selected_icon": {
                                            "value": "fas fa-external-link-alt",
                                            "library": "fa-solid"
                                        },
                                        "link": {
                                            "url": "#",
                                            "is_external": "",
                                            "nofollow": "",
                                            "custom_attributes": ""
                                        },
                                        "_id": "a4d5ebd"
                                    }
                                ],
                                "space_between": {
                                    "unit": "px",
                                    "size": 15,
                                    "sizes": []
                                },
                                "icon_align": "left",
                                "icon_color": "#BA9E52",
                                "icon_color_hover": "rgba(186, 158, 82, 0.71)",
                                "text_color": "#656E78",
                                "text_color_hover": "#101112",
                                "text_indent": {
                                    "unit": "px",
                                    "size": 10,
                                    "sizes": []
                                },
                                "icon_typography_typography": "custom",
                                "icon_typography_font_size": {
                                    "unit": "px",
                                    "size": 13,
                                    "sizes": []
                                },
                                "icon_typography_font_weight": "400",
                                "icon_typography_text_transform": "uppercase",
                                "icon_typography_line_height": {
                                    "unit": "em",
                                    "size": 1.4,
                                    "sizes": []
                                },
                                "icon_typography_letter_spacing": {
                                    "unit": "px",
                                    "size": 0.4,
                                    "sizes": []
                                },
                                "_margin": {
                                    "unit": "px",
                                    "top": "20",
                                    "right": "0",
                                    "bottom": "20",
                                    "left": "0",
                                    "isLinked": false
                                },
                                "_padding": {
                                    "unit": "px",
                                    "top": "30",
                                    "right": "30",
                                    "bottom": "30",
                                    "left": "30",
                                    "isLinked": true
                                },
                                "eg_tooltip_description": "This is tooltip",
                                "_background_background": "classic",
                                "_background_color": "#FCFAF6",
                                "_border_border": "solid",
                                "_border_width": {
                                    "unit": "px",
                                    "top": "1",
                                    "right": "1",
                                    "bottom": "1",
                                    "left": "1",
                                    "isLinked": true
                                },
                                "_border_color": "#F0E7D5"
                            },
                            "elements": [],
                            "isInner": false,
                            "widgetType": "icon-list",
                            "elType": "widget"
                        },
                        {
                            "id": "24968310",
                            "settings": {
                                "editor": "<p>Aenean lacinia bibendum nulla sed consectetur. Maecenas sed diam eget risus varius blandit sit amet non magna. Vestibulum id ligula porta felis euismod semper. Sed posuere consectetur est at lobortis. Cras mattis consectetur purus sit amet fermentum blandit tempus porttitor.<\/p>",
                                "eg_tooltip_description": "This is tooltip"
                            },
                            "elements": [],
                            "isInner": false,
                            "widgetType": "text-editor",
                            "elType": "widget"
                        }
                    ],
                    "isInner": false,
                    "elType": "column"
                },
                {
                    "id": "58782cf1",
                    "settings": {
                        "_column_size": 66,
                        "_inline_size": null,
                        "_inline_size_tablet": 50
                    },
                    "elements": [
                        {
                            "id": "1d51d8c1",
                            "settings": {
                                "image": {
                                    "url": "https:\/\/www.memoreel.hocud.com\/wp-content\/uploads\/aerial-view-with-sea-coast-sandy-beach-blue-water-hotels.jpg",
                                    "id": 843
                                },
                                "image_size": "full",
                                "image_custom_dimension": {
                                    "width": "",
                                    "height": "900"
                                },
                                "eg_tooltip_description": "This is tooltip",
                                "motion_fx_motion_fx_scrolling": "yes",
                                "motion_fx_scale_effect": "yes"
                            },
                            "elements": [],
                            "isInner": false,
                            "widgetType": "image",
                            "elType": "widget"
                        }
                    ],
                    "isInner": false,
                    "elType": "column"
                }
            ],
            "isInner": false,
            "elType": "section"
        },
        {
            "id": "fb42728",
            "settings": {
                "gap": "wide",
                "content_position": "middle",
                "structure": "21",
                "background_background": "classic",
                "background_color": "#FCFAF6",
                "background_position": "center center",
                "background_attachment": "fixed",
                "background_repeat": "no-repeat",
                "background_size": "cover",
                "background_overlay_opacity": {
                    "unit": "px",
                    "size": 0.7,
                    "sizes": []
                },
                "overlay_blend_mode": "multiply",
                "padding": {
                    "unit": "px",
                    "top": "100",
                    "right": "0",
                    "bottom": "100",
                    "left": "0",
                    "isLinked": false
                },
                "padding_mobile": {
                    "unit": "px",
                    "top": "60",
                    "right": "20",
                    "bottom": "60",
                    "left": "20",
                    "isLinked": false
                },
                "reverse_order_mobile": "reverse-mobile"
            },
            "elements": [
                {
                    "id": "3486de95",
                    "settings": {
                        "_column_size": 66,
                        "_inline_size": null,
                        "background_background": "classic"
                    },
                    "elements": [
                        {
                            "id": "7cdbcc86",
                            "settings": {
                                "gallery": [
                                    {
                                        "id": 542,
                                        "url": "https:\/\/www.memoreel.hocud.com\/wp-content\/uploads\/summer-resort-vacation.jpg"
                                    },
                                    {
                                        "id": 543,
                                        "url": "https:\/\/www.memoreel.hocud.com\/wp-content\/uploads\/slovenia-resort-lake-bled-.jpg"
                                    },
                                    {
                                        "id": 541,
                                        "url": "https:\/\/www.memoreel.hocud.com\/wp-content\/uploads\/bungalows-at-a-luxury-resort.jpg"
                                    },
                                    {
                                        "id": 537,
                                        "url": "https:\/\/www.memoreel.hocud.com\/wp-content\/uploads\/amazing-tropical-resort-with-huts-over-water.jpg"
                                    },
                                    {
                                        "id": 549,
                                        "url": "https:\/\/www.memoreel.hocud.com\/wp-content\/uploads\/beautiful-and-elegant-girl-on-a-resort-2.jpg"
                                    },
                                    {
                                        "id": 547,
                                        "url": "https:\/\/www.memoreel.hocud.com\/wp-content\/uploads\/beautiful-and-elegant-girl-on-a-resort.jpg"
                                    },
                                    {
                                        "id": 544,
                                        "url": "https:\/\/www.memoreel.hocud.com\/wp-content\/uploads\/slovenia-resort-lake-bled-1-1.jpg"
                                    },
                                    {
                                        "id": 535,
                                        "url": "https:\/\/www.memoreel.hocud.com\/wp-content\/uploads\/tropical-resort.jpg"
                                    },
                                    {
                                        "id": 538,
                                        "url": "https:\/\/www.memoreel.hocud.com\/wp-content\/uploads\/colorful-aquapark-in-green-forest.jpg"
                                    }
                                ],
                                "galleries": [
                                    {
                                        "gallery_title": "New Gallery",
                                        "_id": "4b263b4",
                                        "multiple_gallery": []
                                    }
                                ],
                                "columns": 3,
                                "thumbnail_image_size": "medium_large",
                                "show_all_galleries_label": "All",
                                "overlay_background_hover_color": "#BA9E52",
                                "image_blend_mode": "multiply",
                                "background_overlay_hover_animation": "enter-zoom-in",
                                "eg_tooltip_description": "This is tooltip",
                                "columns_tablet": 3,
                                "columns_mobile": 3,
                                "ideal_row_height_mobile": {
                                    "unit": "px",
                                    "size": 100,
                                    "sizes": []
                                }
                            },
                            "elements": [],
                            "isInner": false,
                            "widgetType": "gallery",
                            "elType": "widget"
                        }
                    ],
                    "isInner": false,
                    "elType": "column"
                },
                {
                    "id": "159fd4db",
                    "settings": {
                        "_column_size": 33,
                        "_inline_size": null
                    },
                    "elements": [
                        {
                            "id": "2d9a229a",
                            "settings": {
                                "title": "Resort's Aerial View",
                                "title_color": "#101112",
                                "typography_typography": "custom",
                                "typography_line_height": {
                                    "unit": "em",
                                    "size": 1.4,
                                    "sizes": []
                                },
                                "eg_tooltip_description": "This is tooltip"
                            },
                            "elements": [],
                            "isInner": false,
                            "widgetType": "heading",
                            "elType": "widget"
                        },
                        {
                            "id": "6b7d36fd",
                            "settings": {
                                "editor": "<p>Aenean lacinia bibendum nulla sed consectetur. Maecenas sed diam eget risus varius blandit sit amet non magna. Vestibulum id ligula porta felis euismod semper.\u00a0<\/p>",
                                "text_color": "#656E78",
                                "eg_tooltip_description": "This is tooltip"
                            },
                            "elements": [],
                            "isInner": false,
                            "widgetType": "text-editor",
                            "elType": "widget"
                        }
                    ],
                    "isInner": false,
                    "elType": "column"
                }
            ],
            "isInner": false,
            "elType": "section"
        },
        {
            "id": "78053134",
            "settings": {
                "gap": "wide",
                "content_position": "middle",
                "structure": "21",
                "background_position": "center center",
                "background_attachment": "fixed",
                "background_repeat": "no-repeat",
                "background_size": "cover",
                "background_overlay_opacity": {
                    "unit": "px",
                    "size": 0.7,
                    "sizes": []
                },
                "overlay_blend_mode": "multiply",
                "padding": {
                    "unit": "px",
                    "top": "100",
                    "right": "0",
                    "bottom": "100",
                    "left": "0",
                    "isLinked": false
                },
                "padding_mobile": {
                    "unit": "px",
                    "top": "60",
                    "right": "30",
                    "bottom": "60",
                    "left": "30",
                    "isLinked": false
                }
            },
            "elements": [
                {
                    "id": "77a8547e",
                    "settings": {
                        "_column_size": 33,
                        "_inline_size": null
                    },
                    "elements": [
                        {
                            "id": "45ed54fc",
                            "settings": {
                                "title": "Resort's Summing Pool",
                                "title_color": "#101112",
                                "typography_typography": "custom",
                                "typography_line_height": {
                                    "unit": "em",
                                    "size": 1.4,
                                    "sizes": []
                                },
                                "eg_tooltip_description": "This is tooltip"
                            },
                            "elements": [],
                            "isInner": false,
                            "widgetType": "heading",
                            "elType": "widget"
                        },
                        {
                            "id": "220707b6",
                            "settings": {
                                "editor": "<p>Aenean lacinia bibendum nulla sed consectetur. Maecenas sed diam eget risus varius blandit sit amet non magna. Vestibulum id ligula porta felis euismod semper.\u00a0<\/p>",
                                "text_color": "#656E78",
                                "eg_tooltip_description": "This is tooltip"
                            },
                            "elements": [],
                            "isInner": false,
                            "widgetType": "text-editor",
                            "elType": "widget"
                        }
                    ],
                    "isInner": false,
                    "elType": "column"
                },
                {
                    "id": "5689ae70",
                    "settings": {
                        "_column_size": 66,
                        "_inline_size": null,
                        "background_background": "classic"
                    },
                    "elements": [
                        {
                            "id": "3e3de0ce",
                            "settings": {
                                "gallery": [
                                    {
                                        "id": 540,
                                        "url": "https:\/\/www.memoreel.hocud.com\/wp-content\/uploads\/swimming-at-resort.jpg"
                                    },
                                    {
                                        "id": 551,
                                        "url": "https:\/\/www.memoreel.hocud.com\/wp-content\/uploads\/toddler-boy-in-resort-pool-with-father.jpg"
                                    },
                                    {
                                        "id": 553,
                                        "url": "https:\/\/www.memoreel.hocud.com\/wp-content\/uploads\/beautiful-girl-relaxing-at-tropical-resort.jpg"
                                    },
                                    {
                                        "id": 536,
                                        "url": "https:\/\/www.memoreel.hocud.com\/wp-content\/uploads\/woman-by-poolside-resort-swimming-pool-at-seychelles-.jpg"
                                    },
                                    {
                                        "id": 538,
                                        "url": "https:\/\/www.memoreel.hocud.com\/wp-content\/uploads\/colorful-aquapark-in-green-forest.jpg"
                                    },
                                    {
                                        "id": 539,
                                        "url": "https:\/\/www.memoreel.hocud.com\/wp-content\/uploads\/family-of-three-by-poolside-resort-swimming-pool-at-seychelles-.jpg"
                                    }
                                ],
                                "galleries": [
                                    {
                                        "gallery_title": "New Gallery",
                                        "_id": "4b263b4",
                                        "multiple_gallery": []
                                    }
                                ],
                                "columns": 3,
                                "thumbnail_image_size": "medium_large",
                                "show_all_galleries_label": "All",
                                "overlay_background_hover_color": "#BA9E52",
                                "image_blend_mode": "multiply",
                                "background_overlay_hover_animation": "enter-zoom-in",
                                "eg_tooltip_description": "This is tooltip",
                                "aspect_ratio": "1:1",
                                "columns_tablet": 3,
                                "columns_mobile": 3
                            },
                            "elements": [],
                            "isInner": false,
                            "widgetType": "gallery",
                            "elType": "widget"
                        }
                    ],
                    "isInner": false,
                    "elType": "column"
                }
            ],
            "isInner": false,
            "elType": "section"
        },
        {
            "id": "ecbd4b1",
            "settings": {
                "gap": "wide",
                "content_position": "middle",
                "structure": "21",
                "background_background": "classic",
                "background_color": "#FCFAF6",
                "background_position": "center center",
                "background_attachment": "fixed",
                "background_repeat": "no-repeat",
                "background_size": "cover",
                "background_overlay_opacity": {
                    "unit": "px",
                    "size": 0.7,
                    "sizes": []
                },
                "overlay_blend_mode": "multiply",
                "padding": {
                    "unit": "px",
                    "top": "100",
                    "right": "0",
                    "bottom": "100",
                    "left": "0",
                    "isLinked": false
                },
                "reverse_order_mobile": "reverse-mobile"
            },
            "elements": [
                {
                    "id": "4cec075d",
                    "settings": {
                        "_column_size": 66,
                        "_inline_size": null,
                        "background_background": "classic"
                    },
                    "elements": [
                        {
                            "id": "1139cb62",
                            "settings": {
                                "gallery": [
                                    {
                                        "id": 554,
                                        "url": "https:\/\/www.memoreel.hocud.com\/wp-content\/uploads\/hotel-room-at-a-luxury-resort.jpg"
                                    },
                                    {
                                        "id": 555,
                                        "url": "https:\/\/www.memoreel.hocud.com\/wp-content\/uploads\/3d-rendering-luxury-chinese-bedroom-suite-in-resort-hotel.jpg"
                                    },
                                    {
                                        "id": 556,
                                        "url": "https:\/\/www.memoreel.hocud.com\/wp-content\/uploads\/santorini-view.jpg"
                                    },
                                    {
                                        "id": 557,
                                        "url": "https:\/\/www.memoreel.hocud.com\/wp-content\/uploads\/modern-hotel-room-interior-with-two-separate-beds-tourism-business.jpg"
                                    },
                                    {
                                        "id": 558,
                                        "url": "https:\/\/www.memoreel.hocud.com\/wp-content\/uploads\/beach-resort-sea-view.jpg"
                                    },
                                    {
                                        "id": 559,
                                        "url": "https:\/\/www.memoreel.hocud.com\/wp-content\/uploads\/housekeeper-cleaning-a-hotel-room.jpg"
                                    }
                                ],
                                "galleries": [
                                    {
                                        "gallery_title": "New Gallery",
                                        "_id": "4b263b4",
                                        "multiple_gallery": []
                                    }
                                ],
                                "columns": 3,
                                "thumbnail_image_size": "medium_large",
                                "show_all_galleries_label": "All",
                                "overlay_background_hover_color": "#BA9E52",
                                "image_blend_mode": "multiply",
                                "background_overlay_hover_animation": "enter-zoom-in",
                                "eg_tooltip_description": "This is tooltip",
                                "aspect_ratio": "4:3",
                                "columns_tablet": 3,
                                "columns_mobile": 3
                            },
                            "elements": [],
                            "isInner": false,
                            "widgetType": "gallery",
                            "elType": "widget"
                        }
                    ],
                    "isInner": false,
                    "elType": "column"
                },
                {
                    "id": "8a5572d",
                    "settings": {
                        "_column_size": 33,
                        "_inline_size": null
                    },
                    "elements": [
                        {
                            "id": "7f5f73ad",
                            "settings": {
                                "title": "Resort's Accommodation",
                                "title_color": "#101112",
                                "typography_typography": "custom",
                                "typography_line_height": {
                                    "unit": "em",
                                    "size": 1.4,
                                    "sizes": []
                                },
                                "eg_tooltip_description": "This is tooltip"
                            },
                            "elements": [],
                            "isInner": false,
                            "widgetType": "heading",
                            "elType": "widget"
                        },
                        {
                            "id": "fa0254f",
                            "settings": {
                                "editor": "<p>Aenean lacinia bibendum nulla sed consectetur. Maecenas sed diam eget risus varius blandit sit amet non magna. Vestibulum id ligula porta felis euismod semper.\u00a0<\/p>",
                                "text_color": "#656E78",
                                "eg_tooltip_description": "This is tooltip"
                            },
                            "elements": [],
                            "isInner": false,
                            "widgetType": "text-editor",
                            "elType": "widget"
                        }
                    ],
                    "isInner": false,
                    "elType": "column"
                }
            ],
            "isInner": false,
            "elType": "section"
        },
        {
            "id": "531371a3",
            "settings": {
                "layout": "full_width",
                "gap": "narrow"
            },
            "elements": [
                {
                    "id": "6c15759",
                    "settings": {
                        "_column_size": 100,
                        "_inline_size": null
                    },
                    "elements": [
                        {
                            "id": "7b92a97e",
                            "settings": {
                                "slides": [
                                    {
                                        "image": {
                                            "url": "https:\/\/www.memoreel.hocud.com\/wp-content\/uploads\/modern-hotel-bedroom.jpg",
                                            "id": 1572
                                        },
                                        "_id": "b0a8f32",
                                        "type": "image",
                                        "image_link_to_type": "",
                                        "image_link_to": {
                                            "url": "",
                                            "is_external": "",
                                            "nofollow": "",
                                            "custom_attributes": ""
                                        },
                                        "video": {
                                            "url": "",
                                            "is_external": "",
                                            "nofollow": "",
                                            "custom_attributes": ""
                                        }
                                    },
                                    {
                                        "image": {
                                            "url": "https:\/\/www.memoreel.hocud.com\/wp-content\/uploads\/interior-of-modern-hotel-reception.jpg",
                                            "id": 1571
                                        },
                                        "_id": "e6d9d7e",
                                        "type": "image",
                                        "image_link_to_type": "",
                                        "image_link_to": {
                                            "url": "",
                                            "is_external": "",
                                            "nofollow": "",
                                            "custom_attributes": ""
                                        },
                                        "video": {
                                            "url": "",
                                            "is_external": "",
                                            "nofollow": "",
                                            "custom_attributes": ""
                                        }
                                    },
                                    {
                                        "image": {
                                            "url": "https:\/\/www.memoreel.hocud.com\/wp-content\/uploads\/stylish-beautiful-businesswoman-opening-the-door-of-her-hotel-ro.jpg",
                                            "id": 1570
                                        },
                                        "_id": "614d906",
                                        "type": "image",
                                        "image_link_to_type": "",
                                        "image_link_to": {
                                            "url": "",
                                            "is_external": "",
                                            "nofollow": "",
                                            "custom_attributes": ""
                                        },
                                        "video": {
                                            "url": "",
                                            "is_external": "",
                                            "nofollow": "",
                                            "custom_attributes": ""
                                        }
                                    },
                                    {
                                        "image": {
                                            "url": "https:\/\/www.memoreel.hocud.com\/wp-content\/uploads\/spa.jpg",
                                            "id": 526
                                        },
                                        "_id": "33b57b6",
                                        "type": "image",
                                        "image_link_to_type": "",
                                        "image_link_to": {
                                            "url": "",
                                            "is_external": "",
                                            "nofollow": "",
                                            "custom_attributes": ""
                                        },
                                        "video": {
                                            "url": "",
                                            "is_external": "",
                                            "nofollow": "",
                                            "custom_attributes": ""
                                        }
                                    },
                                    {
                                        "image": {
                                            "url": "https:\/\/www.memoreel.hocud.com\/wp-content\/uploads\/bungalows-at-a-luxury-resort.jpg",
                                            "id": 541
                                        },
                                        "_id": "4044502",
                                        "type": "image",
                                        "image_link_to_type": "",
                                        "image_link_to": {
                                            "url": "",
                                            "is_external": "",
                                            "nofollow": "",
                                            "custom_attributes": ""
                                        },
                                        "video": {
                                            "url": "",
                                            "is_external": "",
                                            "nofollow": "",
                                            "custom_attributes": ""
                                        }
                                    }
                                ],
                                "slides_per_view": "5",
                                "slides_to_scroll": "1",
                                "height": {
                                    "unit": "px",
                                    "size": 540,
                                    "sizes": []
                                },
                                "pagination": "",
                                "space_between": {
                                    "unit": "px",
                                    "size": 4,
                                    "sizes": []
                                },
                                "eg_tooltip_description": "This is tooltip",
                                "autoplay_speed": 3000,
                                "pause_on_hover": "",
                                "overlay_animation": "slide-up",
                                "overlay_background_color": "rgba(16, 17, 18, 0.58)",
                                "slides_per_view_tablet": "3"
                            },
                            "elements": [],
                            "isInner": false,
                            "widgetType": "media-carousel",
                            "elType": "widget"
                        }
                    ],
                    "isInner": false,
                    "elType": "column"
                }
            ],
            "isInner": false,
            "elType": "section"
        },
        {
            "id": "46c8cd18",
            "settings": {
                "background_background": "classic",
                "background_color": "#F0E7D5",
                "margin": {
                    "unit": "px",
                    "top": "0",
                    "right": 0,
                    "bottom": "0",
                    "left": 0,
                    "isLinked": false
                },
                "padding": {
                    "unit": "px",
                    "top": "20",
                    "right": "0",
                    "bottom": "20",
                    "left": "0",
                    "isLinked": false
                }
            },
            "elements": [
                {
                    "id": "2ce2730a",
                    "settings": {
                        "_column_size": 100,
                        "_inline_size": null
                    },
                    "elements": [
                        {
                            "id": "755435b2",
                            "settings": {
                                "title": "Share &amp; Spread",
                                "header_size": "h5",
                                "align": "center",
                                "title_color": "#101112",
                                "eg_tooltip_description": "This is tooltip",
                                "typography_typography": "custom",
                                "typography_text_transform": "capitalize",
                                "typography_line_height": {
                                    "unit": "em",
                                    "size": 1.4,
                                    "sizes": []
                                }
                            },
                            "elements": [],
                            "isInner": false,
                            "widgetType": "heading",
                            "elType": "widget"
                        },
                        {
                            "id": "19f4e542",
                            "settings": {
                                "share_buttons": [
                                    {
                                        "button": "facebook",
                                        "_id": "7b76376",
                                        "text": ""
                                    },
                                    {
                                        "button": "twitter",
                                        "_id": "a0e896d",
                                        "text": ""
                                    },
                                    {
                                        "button": "linkedin",
                                        "_id": "063729b",
                                        "text": ""
                                    },
                                    {
                                        "button": "pinterest",
                                        "text": "",
                                        "_id": "3a537a5"
                                    },
                                    {
                                        "button": "telegram",
                                        "text": "",
                                        "_id": "b4ff9d9"
                                    },
                                    {
                                        "button": "whatsapp",
                                        "text": "",
                                        "_id": "91b1a21"
                                    }
                                ],
                                "view": "icon",
                                "skin": "boxed",
                                "alignment": "center",
                                "button_size": {
                                    "unit": "px",
                                    "size": 0.65,
                                    "sizes": []
                                },
                                "icon_size": {
                                    "unit": "em",
                                    "size": 2.5,
                                    "sizes": []
                                },
                                "primary_color": "#FFFFFF",
                                "secondary_color": "#BA9E52",
                                "primary_color_hover": "#101112",
                                "secondary_color_hover": "#BA9E52",
                                "eg_tooltip_description": "This is tooltip"
                            },
                            "elements": [],
                            "isInner": false,
                            "widgetType": "share-buttons",
                            "elType": "widget"
                        }
                    ],
                    "isInner": false,
                    "elType": "column"
                }
            ],
            "isInner": false,
            "elType": "section"
        },
        {
            "id": "307e826a",
            "settings": {
                "layout": "full_width",
                "height": "min-height",
                "custom_height": {
                    "unit": "px",
                    "size": 600,
                    "sizes": []
                },
                "background_background": "slideshow",
                "background_image": {
                    "url": "https:\/\/www.memoreel.hocud.com\/wp-content\/uploads\/aerial-view-with-sea-coast-sandy-beach-blue-water-hotels.jpg",
                    "id": 843
                },
                "background_position": "center center",
                "background_attachment": "fixed",
                "background_repeat": "no-repeat",
                "background_size": "cover",
                "background_slideshow_gallery": [
                    {
                        "id": 1631,
                        "url": "https:\/\/www.memoreel.hocud.com\/wp-content\/uploads\/beautiful-beach-with-water-bungalows.jpg"
                    },
                    {
                        "id": 1630,
                        "url": "https:\/\/www.memoreel.hocud.com\/wp-content\/uploads\/nice-view-from-the-hotel-window-.jpg"
                    },
                    {
                        "id": 843,
                        "url": "https:\/\/www.memoreel.hocud.com\/wp-content\/uploads\/aerial-view-with-sea-coast-sandy-beach-blue-water-hotels.jpg"
                    }
                ],
                "background_slideshow_slide_duration": 3000,
                "background_slideshow_background_size": "cover",
                "background_slideshow_background_position": "center center",
                "background_slideshow_ken_burns": "yes"
            },
            "elements": [
                {
                    "id": "679a85ee",
                    "settings": {
                        "_column_size": 100,
                        "_inline_size": null
                    },
                    "elements": [],
                    "isInner": false,
                    "elType": "column"
                }
            ],
            "isInner": false,
            "elType": "section"
        },
        {
            "id": "24207c87",
            "settings": {
                "gap": "no",
                "custom_height": {
                    "unit": "px",
                    "size": 500
                },
                "content_position": "middle",
                "background_background": "classic",
                "background_image": {
                    "id": 1545,
                    "url": "https:\/\/www.memoreel.hocud.com\/wp-content\/uploads\/photography-1.jpg"
                },
                "background_position": "center center",
                "background_size": "cover",
                "background_overlay_background": "classic",
                "background_overlay_color": "#F0E7D5",
                "background_overlay_opacity": {
                    "unit": "px",
                    "size": 0.93
                },
                "padding": {
                    "unit": "px",
                    "top": "100",
                    "right": "0",
                    "bottom": "100",
                    "left": "0",
                    "isLinked": false
                },
                "padding_tablet": {
                    "unit": "px",
                    "top": "100",
                    "right": "40",
                    "bottom": "100",
                    "left": "40",
                    "isLinked": false
                },
                "padding_mobile": {
                    "unit": "px",
                    "top": "60",
                    "right": "30",
                    "bottom": "60",
                    "left": "30",
                    "isLinked": false
                },
                "content_width": {
                    "unit": "px",
                    "size": 600,
                    "sizes": []
                },
                "background_repeat": "no-repeat"
            },
            "elements": [
                {
                    "id": "7911962b",
                    "settings": {
                        "_column_size": 100
                    },
                    "elements": [
                        {
                            "id": "39a23486",
                            "settings": {
                                "selected_icon": {
                                    "value": "fas fa-camera",
                                    "library": "fa-solid"
                                },
                                "primary_color": "#BA9E52",
                                "hover_primary_color": "#101112",
                                "size_mobile": {
                                    "unit": "px",
                                    "size": 32,
                                    "sizes": []
                                }
                            },
                            "elements": [],
                            "isInner": false,
                            "widgetType": "icon",
                            "elType": "widget"
                        },
                        {
                            "id": "650d817a",
                            "settings": {
                                "title": "Keep your memory forever with a colorful way.",
                                "align": "center",
                                "title_color": "#101112",
                                "typography_typography": "custom",
                                "typography_font_size": {
                                    "unit": "px",
                                    "size": 36
                                },
                                "typography_font_weight": "400",
                                "typography_font_size_mobile": {
                                    "unit": "px",
                                    "size": 30
                                },
                                "header_size": "h3",
                                "typography_line_height": {
                                    "unit": "em",
                                    "size": 1.4,
                                    "sizes": []
                                }
                            },
                            "elements": [],
                            "isInner": false,
                            "widgetType": "heading",
                            "elType": "widget"
                        },
                        {
                            "id": "6e7b26b",
                            "settings": {
                                "title": "Nullam id dolor id nibh ultricies vehicula ut id elit. Maecenas sed diam eget risus varius blandit sit amet non magna.",
                                "header_size": "p",
                                "align": "center",
                                "title_color": "#101112",
                                "typography_typography": "custom",
                                "typography_font_size": {
                                    "unit": "px",
                                    "size": 18
                                },
                                "typography_font_weight": "300",
                                "typography_letter_spacing": {
                                    "unit": "px",
                                    "size": 0
                                },
                                "typography_line_height_mobile": {
                                    "unit": "px",
                                    "size": ""
                                },
                                "typography_line_height": {
                                    "unit": "em",
                                    "size": 1.7,
                                    "sizes": []
                                },
                                "_margin": {
                                    "unit": "px",
                                    "top": "15",
                                    "right": "0",
                                    "bottom": "15",
                                    "left": "0",
                                    "isLinked": false
                                }
                            },
                            "elements": [],
                            "isInner": false,
                            "widgetType": "heading",
                            "elType": "widget"
                        },
                        {
                            "id": "431e5ce3",
                            "settings": {
                                "text": "Get Started",
                                "align": "center",
                                "_margin": {
                                    "unit": "px",
                                    "top": "0",
                                    "right": "0",
                                    "bottom": "15",
                                    "left": "0",
                                    "isLinked": false
                                },
                                "align_mobile": "justify"
                            },
                            "elements": [],
                            "isInner": false,
                            "widgetType": "button",
                            "elType": "widget"
                        },
                        {
                            "id": "4ee39e0f",
                            "settings": {
                                "view": "inline",
                                "icon_list": [
                                    {
                                        "text": "+1 2345 234 780",
                                        "selected_icon": {
                                            "value": "fas fa-phone",
                                            "library": "fa-solid"
                                        },
                                        "_id": "33fb2c0",
                                        "link": {
                                            "url": "",
                                            "is_external": "",
                                            "nofollow": "",
                                            "custom_attributes": ""
                                        },
                                        "__dynamic__": []
                                    },
                                    {
                                        "text": "hello@hocud.com",
                                        "selected_icon": {
                                            "value": "fas fa-envelope-open",
                                            "library": "fa-solid"
                                        },
                                        "link": {
                                            "url": "",
                                            "is_external": "",
                                            "nofollow": "",
                                            "custom_attributes": ""
                                        },
                                        "__dynamic__": [],
                                        "_id": "06e99dd"
                                    },
                                    {
                                        "text": "View Pricing",
                                        "selected_icon": {
                                            "value": "fas fa-tags",
                                            "library": "fa-solid"
                                        },
                                        "link": {
                                            "url": "#",
                                            "is_external": "",
                                            "nofollow": "",
                                            "custom_attributes": ""
                                        },
                                        "__dynamic__": [],
                                        "_id": "a7b839b"
                                    }
                                ],
                                "space_between": {
                                    "unit": "px",
                                    "size": 30,
                                    "sizes": []
                                },
                                "icon_align": "center",
                                "icon_align_mobile": "center",
                                "divider_color": "rgba(255, 255, 255, 0.34)",
                                "icon_color": "rgba(255, 255, 255, 0.76)",
                                "icon_color_hover": "#BA9E52",
                                "icon_size": {
                                    "unit": "px",
                                    "size": 12,
                                    "sizes": []
                                },
                                "icon_self_align": "left",
                                "text_color": "#101112",
                                "text_color_hover": "#54595F",
                                "icon_typography_typography": "custom",
                                "icon_typography_font_size": {
                                    "unit": "px",
                                    "size": 13,
                                    "sizes": []
                                },
                                "icon_typography_font_weight": "400",
                                "icon_typography_line_height_mobile": {
                                    "unit": "em",
                                    "size": 2.4,
                                    "sizes": []
                                },
                                "icon_typography_letter_spacing": {
                                    "unit": "px",
                                    "size": 0.3,
                                    "sizes": []
                                },
                                "_margin": {
                                    "unit": "px",
                                    "top": "0",
                                    "right": "0",
                                    "bottom": "0",
                                    "left": "0",
                                    "isLinked": false
                                },
                                "_margin_mobile": {
                                    "unit": "px",
                                    "top": "0",
                                    "right": "0",
                                    "bottom": "0",
                                    "left": "0",
                                    "isLinked": false
                                },
                                "_padding": {
                                    "unit": "px",
                                    "top": "6",
                                    "right": "6",
                                    "bottom": "6",
                                    "left": "6",
                                    "isLinked": true
                                },
                                "_padding_mobile": {
                                    "unit": "px",
                                    "top": "15",
                                    "right": "30",
                                    "bottom": "15",
                                    "left": "30",
                                    "isLinked": false
                                },
                                "eg_tooltip_description": "This is tooltip",
                                "_background_background": "classic",
                                "_background_color": "rgba(16, 17, 18, 0.07)",
                                "_border_width": {
                                    "unit": "px",
                                    "top": "1",
                                    "right": "1",
                                    "bottom": "1",
                                    "left": "1",
                                    "isLinked": true
                                },
                                "_border_color": "#FFFFFF"
                            },
                            "elements": [],
                            "isInner": false,
                            "widgetType": "icon-list",
                            "elType": "widget"
                        }
                    ],
                    "isInner": false,
                    "elType": "column"
                }
            ],
            "isInner": false,
            "elType": "section"
        }
    ],
    "page_settings": {
        "hide_title": "yes",
        "template": "elementor_header_footer"
    }
}