{
    "version": "0.4",
    "title": "Single Team Member",
    "type": "page",
    "metadata": {
        "template_type": "single-page",
        "include_in_zip": "1",
        "elementor_pro_required": "1",
        "wp_page_template": "elementor_header_footer"
    },
    "content": [
        {
            "id": "17141e3f",
            "settings": {
                "background_background": "classic",
                "background_color": "#F0E7D5",
                "margin": {
                    "unit": "px",
                    "top": "0",
                    "right": 0,
                    "bottom": "0",
                    "left": 0,
                    "isLinked": false
                },
                "padding": {
                    "unit": "px",
                    "top": "0",
                    "right": "0",
                    "bottom": "0",
                    "left": "0",
                    "isLinked": false
                },
                "background_image": {
                    "url": "https:\/\/www.memoreel.hocud.com\/wp-content\/uploads\/people-looking-choosing-at-colleagues-photo.jpg",
                    "id": 1510
                },
                "background_position": "center center",
                "background_attachment": "fixed",
                "background_repeat": "no-repeat",
                "background_size": "cover",
                "background_overlay_background": "classic",
                "background_overlay_opacity": {
                    "unit": "px",
                    "size": 1,
                    "sizes": []
                },
                "content_width": {
                    "unit": "px",
                    "size": 700,
                    "sizes": []
                },
                "background_overlay_color_stop": {
                    "unit": "%",
                    "size": 50,
                    "sizes": []
                },
                "background_overlay_color_b": "rgba(255, 255, 255, 0)",
                "background_overlay_color_b_stop": {
                    "unit": "%",
                    "size": 50,
                    "sizes": []
                },
                "background_overlay_gradient_angle": {
                    "unit": "deg",
                    "size": 90,
                    "sizes": []
                },
                "padding_tablet": {
                    "unit": "px",
                    "top": "0",
                    "right": "80",
                    "bottom": "0",
                    "left": "80",
                    "isLinked": false
                },
                "padding_mobile": {
                    "unit": "px",
                    "top": "60",
                    "right": "10",
                    "bottom": "60",
                    "left": "10",
                    "isLinked": false
                }
            },
            "elements": [
                {
                    "id": "1b2f4e74",
                    "settings": {
                        "_column_size": 100,
                        "_inline_size": null,
                        "background_background": "classic",
                        "background_color": "rgba(240, 231, 213, 0.9215686274509803)",
                        "padding": {
                            "unit": "px",
                            "top": "80",
                            "right": "80",
                            "bottom": "80",
                            "left": "80",
                            "isLinked": true
                        },
                        "padding_mobile": {
                            "unit": "px",
                            "top": "50",
                            "right": "30",
                            "bottom": "50",
                            "left": "30",
                            "isLinked": false
                        }
                    },
                    "elements": [
                        {
                            "id": "6bfc62e8",
                            "settings": {
                                "title": "Melba Davis",
                                "header_size": "h1",
                                "align": "center",
                                "title_color": "#101112",
                                "eg_tooltip_description": "This is tooltip",
                                "align_mobile": "center",
                                "typography_typography": "custom",
                                "typography_line_height": {
                                    "unit": "em",
                                    "size": 1.4,
                                    "sizes": []
                                }
                            },
                            "elements": [],
                            "isInner": false,
                            "widgetType": "heading",
                            "elType": "widget"
                        },
                        {
                            "id": "39ce8b99",
                            "settings": {
                                "style": "dashed",
                                "align": "center",
                                "look": "line_icon",
                                "text": "Text",
                                "icon": {
                                    "value": "fas fa-camera",
                                    "library": "fa-solid"
                                },
                                "color": "#B7C7DA",
                                "gap": {
                                    "unit": "px",
                                    "size": 10,
                                    "sizes": []
                                },
                                "text_color": "#BA9E52",
                                "typography_typography": "custom",
                                "typography_font_size": {
                                    "unit": "px",
                                    "size": 10,
                                    "sizes": []
                                },
                                "typography_font_weight": "400",
                                "typography_text_transform": "uppercase",
                                "typography_line_height": {
                                    "unit": "em",
                                    "size": 1.5,
                                    "sizes": []
                                },
                                "typography_letter_spacing": {
                                    "unit": "px",
                                    "size": 2,
                                    "sizes": []
                                },
                                "icon_size": {
                                    "unit": "px",
                                    "size": 14,
                                    "sizes": []
                                },
                                "primary_color": "#BA9E52",
                                "icon_spacing": {
                                    "unit": "px",
                                    "size": 12,
                                    "sizes": []
                                },
                                "eg_tooltip_description": "This is tooltip"
                            },
                            "elements": [],
                            "isInner": false,
                            "widgetType": "divider",
                            "elType": "widget"
                        },
                        {
                            "id": "76099d0c",
                            "settings": {
                                "editor": "<p>Integer posuere erat a ante venenatis dapibus posuere velit aliquet. Vivamus sagittis lacus vel augue laoreet rutrum faucibus.<\/p>",
                                "align": "center",
                                "align_mobile": "center",
                                "text_color": "#101112",
                                "typography_typography": "custom",
                                "typography_font_size": {
                                    "unit": "px",
                                    "size": 18,
                                    "sizes": []
                                },
                                "typography_font_size_mobile": {
                                    "unit": "px",
                                    "size": 16,
                                    "sizes": []
                                },
                                "typography_font_weight": "300",
                                "typography_line_height": {
                                    "unit": "em",
                                    "size": 1.5,
                                    "sizes": []
                                },
                                "typography_letter_spacing": {
                                    "unit": "px",
                                    "size": 0,
                                    "sizes": []
                                },
                                "_margin": {
                                    "unit": "px",
                                    "top": "10",
                                    "right": "0",
                                    "bottom": "0",
                                    "left": "0",
                                    "isLinked": false
                                },
                                "eg_tooltip_description": "This is tooltip"
                            },
                            "elements": [],
                            "isInner": false,
                            "widgetType": "text-editor",
                            "elType": "widget"
                        },
                        {
                            "id": "24bb23bb",
                            "settings": {
                                "view": "inline",
                                "icon_list": [
                                    {
                                        "text": "+1 2345 234 780",
                                        "selected_icon": {
                                            "value": "fas fa-phone",
                                            "library": "fa-solid"
                                        },
                                        "_id": "33fb2c0",
                                        "link": {
                                            "url": "",
                                            "is_external": "",
                                            "nofollow": "",
                                            "custom_attributes": ""
                                        },
                                        "__dynamic__": []
                                    },
                                    {
                                        "text": "hello@hocud.com",
                                        "selected_icon": {
                                            "value": "fas fa-envelope-open",
                                            "library": "fa-solid"
                                        },
                                        "link": {
                                            "url": "",
                                            "is_external": "",
                                            "nofollow": "",
                                            "custom_attributes": ""
                                        },
                                        "__dynamic__": [],
                                        "_id": "06e99dd"
                                    },
                                    {
                                        "text": "View Pricing",
                                        "selected_icon": {
                                            "value": "fas fa-tags",
                                            "library": "fa-solid"
                                        },
                                        "link": {
                                            "url": "#",
                                            "is_external": "",
                                            "nofollow": "",
                                            "custom_attributes": ""
                                        },
                                        "__dynamic__": [],
                                        "_id": "a7b839b"
                                    }
                                ],
                                "space_between": {
                                    "unit": "px",
                                    "size": 30,
                                    "sizes": []
                                },
                                "icon_align": "center",
                                "icon_align_mobile": "center",
                                "divider_color": "rgba(255, 255, 255, 0.34)",
                                "icon_color": "rgba(255, 255, 255, 0.76)",
                                "icon_color_hover": "#BA9E52",
                                "icon_size": {
                                    "unit": "px",
                                    "size": 12,
                                    "sizes": []
                                },
                                "icon_self_align": "left",
                                "text_color": "#101112",
                                "text_color_hover": "#54595F",
                                "icon_typography_typography": "custom",
                                "icon_typography_font_size": {
                                    "unit": "px",
                                    "size": 13,
                                    "sizes": []
                                },
                                "icon_typography_font_weight": "400",
                                "icon_typography_line_height_mobile": {
                                    "unit": "em",
                                    "size": 2.4,
                                    "sizes": []
                                },
                                "icon_typography_letter_spacing": {
                                    "unit": "px",
                                    "size": 0.3,
                                    "sizes": []
                                },
                                "_margin": {
                                    "unit": "px",
                                    "top": "0",
                                    "right": "0",
                                    "bottom": "0",
                                    "left": "0",
                                    "isLinked": false
                                },
                                "_margin_mobile": {
                                    "unit": "px",
                                    "top": "0",
                                    "right": "0",
                                    "bottom": "0",
                                    "left": "0",
                                    "isLinked": false
                                },
                                "_padding": {
                                    "unit": "px",
                                    "top": "6",
                                    "right": "6",
                                    "bottom": "6",
                                    "left": "6",
                                    "isLinked": true
                                },
                                "_padding_mobile": {
                                    "unit": "px",
                                    "top": "15",
                                    "right": "30",
                                    "bottom": "15",
                                    "left": "30",
                                    "isLinked": false
                                },
                                "eg_tooltip_description": "This is tooltip",
                                "_background_background": "classic",
                                "_background_color": "rgba(16, 17, 18, 0.07)",
                                "_border_width": {
                                    "unit": "px",
                                    "top": "1",
                                    "right": "1",
                                    "bottom": "1",
                                    "left": "1",
                                    "isLinked": true
                                },
                                "_border_color": "#FFFFFF"
                            },
                            "elements": [],
                            "isInner": false,
                            "widgetType": "icon-list",
                            "elType": "widget"
                        }
                    ],
                    "isInner": false,
                    "elType": "column"
                }
            ],
            "isInner": false,
            "elType": "section"
        },
        {
            "id": "11512230",
            "settings": {
                "gap": "wider",
                "content_position": "middle",
                "structure": "20",
                "margin": {
                    "unit": "px",
                    "top": "100",
                    "right": 0,
                    "bottom": "100",
                    "left": 0,
                    "isLinked": false
                },
                "margin_tablet": {
                    "unit": "px",
                    "top": "100",
                    "right": 0,
                    "bottom": "0",
                    "left": 0,
                    "isLinked": false
                },
                "margin_mobile": {
                    "unit": "px",
                    "top": "80",
                    "right": 0,
                    "bottom": "0",
                    "left": 0,
                    "isLinked": false
                },
                "padding_tablet": {
                    "unit": "px",
                    "top": "0",
                    "right": "40",
                    "bottom": "0",
                    "left": "40",
                    "isLinked": false
                },
                "padding_mobile": {
                    "unit": "px",
                    "top": "0",
                    "right": "20",
                    "bottom": "0",
                    "left": "20",
                    "isLinked": false
                }
            },
            "elements": [
                {
                    "id": "1417aa0a",
                    "settings": {
                        "_column_size": 50,
                        "_inline_size": 40,
                        "margin": {
                            "unit": "px",
                            "top": "0",
                            "right": "0",
                            "bottom": "0",
                            "left": "0",
                            "isLinked": false
                        },
                        "padding": {
                            "unit": "px",
                            "top": "0",
                            "right": "0",
                            "bottom": "0",
                            "left": "0",
                            "isLinked": false
                        },
                        "_inline_size_tablet": 100
                    },
                    "elements": [
                        {
                            "id": "6d8cc4d7",
                            "settings": {
                                "image": {
                                    "url": "https:\/\/www.memoreel.hocud.com\/wp-content\/uploads\/hipster-style-bearded-man-9.jpg",
                                    "id": 471
                                },
                                "image_size": "full"
                            },
                            "elements": [],
                            "isInner": false,
                            "widgetType": "image",
                            "elType": "widget"
                        }
                    ],
                    "isInner": false,
                    "elType": "column"
                },
                {
                    "id": "49a44b8c",
                    "settings": {
                        "_column_size": 50,
                        "_inline_size": 60,
                        "padding": {
                            "unit": "px",
                            "top": "50",
                            "right": "50",
                            "bottom": "50",
                            "left": "50",
                            "isLinked": true
                        },
                        "_inline_size_tablet": 100,
                        "padding_tablet": {
                            "unit": "px",
                            "top": "80",
                            "right": "80",
                            "bottom": "80",
                            "left": "80",
                            "isLinked": true
                        },
                        "padding_mobile": {
                            "unit": "px",
                            "top": "50",
                            "right": "30",
                            "bottom": "50",
                            "left": "30",
                            "isLinked": false
                        }
                    },
                    "elements": [
                        {
                            "id": "150ccf9e",
                            "settings": {
                                "title": "Chief Photographer",
                                "header_size": "h6",
                                "align": "left",
                                "title_color": "#BA9E52",
                                "typography_typography": "custom",
                                "typography_line_height": {
                                    "unit": "em",
                                    "size": 1.4,
                                    "sizes": []
                                },
                                "_margin": {
                                    "unit": "px",
                                    "top": "0",
                                    "right": "0",
                                    "bottom": "15",
                                    "left": "0",
                                    "isLinked": false
                                }
                            },
                            "elements": [],
                            "isInner": false,
                            "widgetType": "heading",
                            "elType": "widget"
                        },
                        {
                            "id": "4ffbbd5d",
                            "settings": {
                                "title": "Overview",
                                "header_size": "h3",
                                "_margin": {
                                    "unit": "px",
                                    "top": "0",
                                    "right": "0",
                                    "bottom": "10",
                                    "left": "0",
                                    "isLinked": false
                                }
                            },
                            "elements": [],
                            "isInner": false,
                            "widgetType": "heading",
                            "elType": "widget"
                        },
                        {
                            "id": "5c31245d",
                            "settings": {
                                "editor": "<p>Fusce dapibus, tellus ac cursus commodo, tortor mauris condimentum nibh, ut fermentum massa justo sit amet risus. Donec sed odio dui. Cum sociis natoque penatibus et magnis dis parturient montes, nascetur ridiculus mus. Donec sed odio dui. Nullam quis risus eget urna mollis ornare vel eu leo.<\/p>",
                                "_margin": {
                                    "unit": "px",
                                    "top": "0",
                                    "right": "0",
                                    "bottom": "30",
                                    "left": "0",
                                    "isLinked": false
                                }
                            },
                            "elements": [],
                            "isInner": false,
                            "widgetType": "text-editor",
                            "elType": "widget"
                        },
                        {
                            "id": "6ead4ca",
                            "settings": {
                                "title": "Featured Works",
                                "header_size": "h3",
                                "_margin": {
                                    "unit": "px",
                                    "top": "0",
                                    "right": "0",
                                    "bottom": "10",
                                    "left": "0",
                                    "isLinked": false
                                }
                            },
                            "elements": [],
                            "isInner": false,
                            "widgetType": "heading",
                            "elType": "widget"
                        },
                        {
                            "id": "523dcdf9",
                            "settings": {
                                "gallery": [
                                    {
                                        "id": 1539,
                                        "url": "https:\/\/www.memoreel.hocud.com\/wp-content\/uploads\/waterfall-in-turkey.jpg"
                                    },
                                    {
                                        "id": 1588,
                                        "url": "https:\/\/www.memoreel.hocud.com\/wp-content\/uploads\/portrait-of-beautiful-bride-wedding-photo-1.jpg"
                                    },
                                    {
                                        "id": 1507,
                                        "url": "https:\/\/www.memoreel.hocud.com\/wp-content\/uploads\/roasted-ceramic-products-without-glaze-closeup.jpg"
                                    },
                                    {
                                        "id": 1515,
                                        "url": "https:\/\/www.memoreel.hocud.com\/wp-content\/uploads\/sunset-over-the-islands-of-halong-bay-in-northern-vietnam-.jpg"
                                    },
                                    {
                                        "id": 1565,
                                        "url": "https:\/\/www.memoreel.hocud.com\/wp-content\/uploads\/portrait-of-beautiful-sensual-woman-with-elegant-hairstyle-2.jpg"
                                    },
                                    {
                                        "id": 1632,
                                        "url": "https:\/\/www.memoreel.hocud.com\/wp-content\/uploads\/beach.jpg"
                                    },
                                    {
                                        "id": 1518,
                                        "url": "https:\/\/www.memoreel.hocud.com\/wp-content\/uploads\/attentive-fallow-deer-doe-watching-and-listening-on-a-meadow-with-copy-space.jpg"
                                    },
                                    {
                                        "id": 448,
                                        "url": "https:\/\/www.memoreel.hocud.com\/wp-content\/uploads\/beautiful-young-couple-posing-on-camera-indoors-10.jpg"
                                    }
                                ],
                                "galleries": [
                                    {
                                        "gallery_title": "New Gallery",
                                        "_id": "f2741cc",
                                        "multiple_gallery": []
                                    }
                                ],
                                "ideal_row_height": {
                                    "unit": "px",
                                    "size": 130,
                                    "sizes": []
                                },
                                "show_all_galleries_label": "All",
                                "_margin": {
                                    "unit": "px",
                                    "top": "0",
                                    "right": "0",
                                    "bottom": "30",
                                    "left": "0",
                                    "isLinked": false
                                },
                                "columns_tablet": 3,
                                "columns_mobile": 2
                            },
                            "elements": [],
                            "isInner": false,
                            "widgetType": "gallery",
                            "elType": "widget"
                        },
                        {
                            "id": "736e8594",
                            "settings": {
                                "social_icon_list": [
                                    {
                                        "social_icon": {
                                            "value": "fab fa-flickr",
                                            "library": "fa-brands"
                                        },
                                        "link": {
                                            "url": "",
                                            "is_external": "true",
                                            "nofollow": "",
                                            "custom_attributes": ""
                                        },
                                        "item_icon_color": "default",
                                        "item_icon_primary_color": "",
                                        "item_icon_secondary_color": "",
                                        "_id": "0963ce4"
                                    },
                                    {
                                        "social_icon": {
                                            "value": "fab fa-instagram",
                                            "library": "fa-brands"
                                        },
                                        "link": {
                                            "url": "",
                                            "is_external": "true",
                                            "nofollow": "",
                                            "custom_attributes": ""
                                        },
                                        "item_icon_color": "default",
                                        "item_icon_primary_color": "",
                                        "item_icon_secondary_color": "",
                                        "_id": "0d946cc"
                                    },
                                    {
                                        "social_icon": {
                                            "value": "fab fa-pinterest",
                                            "library": "fa-brands"
                                        },
                                        "link": {
                                            "url": "",
                                            "is_external": "true",
                                            "nofollow": "",
                                            "custom_attributes": ""
                                        },
                                        "item_icon_color": "default",
                                        "item_icon_primary_color": "",
                                        "item_icon_secondary_color": "",
                                        "_id": "f74d5e5"
                                    },
                                    {
                                        "social_icon": {
                                            "value": "fab fa-facebook",
                                            "library": "fa-brands"
                                        },
                                        "_id": "e3df671",
                                        "link": {
                                            "url": "",
                                            "is_external": "true",
                                            "nofollow": "",
                                            "custom_attributes": ""
                                        },
                                        "item_icon_color": "default",
                                        "item_icon_primary_color": "",
                                        "item_icon_secondary_color": ""
                                    },
                                    {
                                        "social_icon": {
                                            "value": "fab fa-twitter",
                                            "library": "fa-brands"
                                        },
                                        "_id": "9a9d508",
                                        "link": {
                                            "url": "",
                                            "is_external": "true",
                                            "nofollow": "",
                                            "custom_attributes": ""
                                        },
                                        "item_icon_color": "default",
                                        "item_icon_primary_color": "",
                                        "item_icon_secondary_color": ""
                                    }
                                ],
                                "shape": "square",
                                "align": "left",
                                "icon_size": {
                                    "unit": "px",
                                    "size": 20,
                                    "sizes": []
                                },
                                "icon_spacing": {
                                    "unit": "px",
                                    "size": 10,
                                    "sizes": []
                                },
                                "hover_animation": "bob",
                                "icon_size_mobile": {
                                    "unit": "px",
                                    "size": 16,
                                    "sizes": []
                                },
                                "icon_color": "custom",
                                "icon_primary_color": "#BA9E52",
                                "hover_primary_color": "#101112",
                                "hover_secondary_color": "#F0E7D5"
                            },
                            "elements": [],
                            "isInner": false,
                            "widgetType": "social-icons",
                            "elType": "widget"
                        }
                    ],
                    "isInner": false,
                    "elType": "column"
                }
            ],
            "isInner": false,
            "elType": "section"
        },
        {
            "id": "7f115e98",
            "settings": {
                "gap": "no",
                "custom_height": {
                    "unit": "px",
                    "size": 500
                },
                "content_position": "middle",
                "background_background": "classic",
                "background_image": {
                    "id": 1545,
                    "url": "https:\/\/www.memoreel.hocud.com\/wp-content\/uploads\/photography-1.jpg"
                },
                "background_position": "center center",
                "background_size": "cover",
                "background_overlay_background": "classic",
                "background_overlay_color": "#F0E7D5",
                "background_overlay_opacity": {
                    "unit": "px",
                    "size": 0.93
                },
                "padding": {
                    "unit": "px",
                    "top": "100",
                    "right": "0",
                    "bottom": "100",
                    "left": "0",
                    "isLinked": false
                },
                "padding_tablet": {
                    "unit": "px",
                    "top": "100",
                    "right": "40",
                    "bottom": "100",
                    "left": "40",
                    "isLinked": false
                },
                "padding_mobile": {
                    "unit": "px",
                    "top": "60",
                    "right": "30",
                    "bottom": "60",
                    "left": "30",
                    "isLinked": false
                },
                "content_width": {
                    "unit": "px",
                    "size": 600,
                    "sizes": []
                },
                "background_repeat": "no-repeat"
            },
            "elements": [
                {
                    "id": "7525961",
                    "settings": {
                        "_column_size": 100
                    },
                    "elements": [
                        {
                            "id": "5ddcf13f",
                            "settings": {
                                "selected_icon": {
                                    "value": "fas fa-camera",
                                    "library": "fa-solid"
                                },
                                "primary_color": "#BA9E52",
                                "hover_primary_color": "#101112",
                                "size_mobile": {
                                    "unit": "px",
                                    "size": 32,
                                    "sizes": []
                                }
                            },
                            "elements": [],
                            "isInner": false,
                            "widgetType": "icon",
                            "elType": "widget"
                        },
                        {
                            "id": "1e9863b4",
                            "settings": {
                                "title": "Keep your memory forever with a colorful way.",
                                "align": "center",
                                "title_color": "#101112",
                                "typography_typography": "custom",
                                "typography_font_size": {
                                    "unit": "px",
                                    "size": 36
                                },
                                "typography_font_weight": "400",
                                "typography_font_size_mobile": {
                                    "unit": "px",
                                    "size": 30
                                },
                                "header_size": "h3",
                                "typography_line_height": {
                                    "unit": "em",
                                    "size": 1.4,
                                    "sizes": []
                                }
                            },
                            "elements": [],
                            "isInner": false,
                            "widgetType": "heading",
                            "elType": "widget"
                        },
                        {
                            "id": "59ad308f",
                            "settings": {
                                "title": "Nullam id dolor id nibh ultricies vehicula ut id elit. Maecenas sed diam eget risus varius blandit sit amet non magna.",
                                "header_size": "p",
                                "align": "center",
                                "title_color": "#101112",
                                "typography_typography": "custom",
                                "typography_font_size": {
                                    "unit": "px",
                                    "size": 18
                                },
                                "typography_font_weight": "300",
                                "typography_letter_spacing": {
                                    "unit": "px",
                                    "size": 0
                                },
                                "typography_line_height_mobile": {
                                    "unit": "px",
                                    "size": ""
                                },
                                "typography_line_height": {
                                    "unit": "em",
                                    "size": 1.7,
                                    "sizes": []
                                },
                                "_margin": {
                                    "unit": "px",
                                    "top": "15",
                                    "right": "0",
                                    "bottom": "15",
                                    "left": "0",
                                    "isLinked": false
                                }
                            },
                            "elements": [],
                            "isInner": false,
                            "widgetType": "heading",
                            "elType": "widget"
                        },
                        {
                            "id": "da1f92a",
                            "settings": {
                                "text": "Get Started",
                                "align": "center",
                                "_margin": {
                                    "unit": "px",
                                    "top": "0",
                                    "right": "0",
                                    "bottom": "15",
                                    "left": "0",
                                    "isLinked": false
                                },
                                "align_mobile": "justify"
                            },
                            "elements": [],
                            "isInner": false,
                            "widgetType": "button",
                            "elType": "widget"
                        },
                        {
                            "id": "4cdf847",
                            "settings": {
                                "view": "inline",
                                "icon_list": [
                                    {
                                        "text": "+1 2345 234 780",
                                        "selected_icon": {
                                            "value": "fas fa-phone",
                                            "library": "fa-solid"
                                        },
                                        "_id": "33fb2c0",
                                        "link": {
                                            "url": "",
                                            "is_external": "",
                                            "nofollow": "",
                                            "custom_attributes": ""
                                        },
                                        "__dynamic__": []
                                    },
                                    {
                                        "text": "hello@hocud.com",
                                        "selected_icon": {
                                            "value": "fas fa-envelope-open",
                                            "library": "fa-solid"
                                        },
                                        "link": {
                                            "url": "",
                                            "is_external": "",
                                            "nofollow": "",
                                            "custom_attributes": ""
                                        },
                                        "__dynamic__": [],
                                        "_id": "06e99dd"
                                    },
                                    {
                                        "text": "View Pricing",
                                        "selected_icon": {
                                            "value": "fas fa-tags",
                                            "library": "fa-solid"
                                        },
                                        "link": {
                                            "url": "#",
                                            "is_external": "",
                                            "nofollow": "",
                                            "custom_attributes": ""
                                        },
                                        "__dynamic__": [],
                                        "_id": "a7b839b"
                                    }
                                ],
                                "space_between": {
                                    "unit": "px",
                                    "size": 30,
                                    "sizes": []
                                },
                                "icon_align": "center",
                                "icon_align_mobile": "center",
                                "divider_color": "rgba(255, 255, 255, 0.34)",
                                "icon_color": "rgba(255, 255, 255, 0.76)",
                                "icon_color_hover": "#BA9E52",
                                "icon_size": {
                                    "unit": "px",
                                    "size": 12,
                                    "sizes": []
                                },
                                "icon_self_align": "left",
                                "text_color": "#101112",
                                "text_color_hover": "#54595F",
                                "icon_typography_typography": "custom",
                                "icon_typography_font_size": {
                                    "unit": "px",
                                    "size": 13,
                                    "sizes": []
                                },
                                "icon_typography_font_weight": "400",
                                "icon_typography_line_height_mobile": {
                                    "unit": "em",
                                    "size": 2.4,
                                    "sizes": []
                                },
                                "icon_typography_letter_spacing": {
                                    "unit": "px",
                                    "size": 0.3,
                                    "sizes": []
                                },
                                "_margin": {
                                    "unit": "px",
                                    "top": "0",
                                    "right": "0",
                                    "bottom": "0",
                                    "left": "0",
                                    "isLinked": false
                                },
                                "_margin_mobile": {
                                    "unit": "px",
                                    "top": "0",
                                    "right": "0",
                                    "bottom": "0",
                                    "left": "0",
                                    "isLinked": false
                                },
                                "_padding": {
                                    "unit": "px",
                                    "top": "6",
                                    "right": "6",
                                    "bottom": "6",
                                    "left": "6",
                                    "isLinked": true
                                },
                                "_padding_mobile": {
                                    "unit": "px",
                                    "top": "15",
                                    "right": "30",
                                    "bottom": "15",
                                    "left": "30",
                                    "isLinked": false
                                },
                                "eg_tooltip_description": "This is tooltip",
                                "_background_background": "classic",
                                "_background_color": "rgba(16, 17, 18, 0.07)",
                                "_border_width": {
                                    "unit": "px",
                                    "top": "1",
                                    "right": "1",
                                    "bottom": "1",
                                    "left": "1",
                                    "isLinked": true
                                },
                                "_border_color": "#FFFFFF"
                            },
                            "elements": [],
                            "isInner": false,
                            "widgetType": "icon-list",
                            "elType": "widget"
                        }
                    ],
                    "isInner": false,
                    "elType": "column"
                }
            ],
            "isInner": false,
            "elType": "section"
        }
    ],
    "page_settings": {
        "hide_title": "yes",
        "template": "elementor_header_footer"
    }
}